,username,isaPerson,userLocation,screen_name
0,@RDL_Bali,nonperson,bali dan nusa tenggara,RDL_Bali
1,@StandupindoBali,nonperson,bali dan nusa tenggara,StandupindoBali
2,@litarianti,person,bali dan nusa tenggara,litarianti
3,@acara_bali,nonperson,bali dan nusa tenggara,acara_bali
4,@BALINALE,nonperson,bali dan nusa tenggara,BALINALE
5,@KawanBaikKomodo,nonperson,bali dan nusa tenggara,KawanBaikKomodo
6,@Coconuts_Bali,nonperson,bali dan nusa tenggara,Coconuts_Bali
7,@ubudfoodfest,nonperson,bali dan nusa tenggara,ubudfoodfest
8,@akucantikkkID,person,bali dan nusa tenggara,akucantikkkID
9,@themuliabali,nonperson,bali dan nusa tenggara,themuliabali
10,@waterbombali,nonperson,bali dan nusa tenggara,waterbombali
11,@infombg,nonperson,bali dan nusa tenggara,infombg
12,@hrhbali,nonperson,bali dan nusa tenggara,hrhbali
13,@infolombok,nonperson,bali dan nusa tenggara,infolombok
15,@blogdokter,nonperson,bali dan nusa tenggara,blogdokter
16,@commaditya,person,bali dan nusa tenggara,commaditya
17,@BaliSafari,nonperson,bali dan nusa tenggara,BaliSafari
18,@SheratonKuta,nonperson,bali dan nusa tenggara,SheratonKuta
19,@BaliRaniKuta,nonperson,bali dan nusa tenggara,BaliRaniKuta
20,@grandhyattbali,nonperson,bali dan nusa tenggara,grandhyattbali
21,@balibirdpark,nonperson,bali dan nusa tenggara,balibirdpark
22,@kudetabali,nonperson,bali dan nusa tenggara,kudetabali
23,@RamadaSunset,nonperson,bali dan nusa tenggara,RamadaSunset
24,@Lippomallkuta,nonperson,bali dan nusa tenggara,Lippomallkuta
25,@AstonKuta,nonperson,bali dan nusa tenggara,AstonKuta
26,@westinbali,nonperson,bali dan nusa tenggara,westinbali
27,@punapitabanan,nonperson,bali dan nusa tenggara,punapitabanan
28,@balimarinedive,nonperson,bali dan nusa tenggara,balimarinedive
29,@astondenpasarID,nonperson,bali dan nusa tenggara,astondenpasarID
30,@UdayanaUniv,nonperson,bali dan nusa tenggara,UdayanaUniv
31,@putbagusaditya,person,bali dan nusa tenggara,putbagusaditya
32,@jsatyawira,person,bali dan nusa tenggara,jsatyawira
33,@Turahpartayana,person,bali dan nusa tenggara,Turahpartayana
34,@nttlpmp,nonperson,bali dan nusa tenggara,nttlpmp
35,@FokusNTT,nonperson,bali dan nusa tenggara,FokusNTT
36,@lpptvrintb,nonperson,bali dan nusa tenggara,lpptvrintb
37,@Lombokitacom,nonperson,bali dan nusa tenggara,Lombokitacom
38,@alhiee,person,bali dan nusa tenggara,alhiee
39,@NTT_Update,nonperson,bali dan nusa tenggara,NTT_Update
40,@pln_ntt,nonperson,bali dan nusa tenggara,pln_ntt
41,@AreaNTB,nonperson,bali dan nusa tenggara,AreaNTB
42,@Area_NTT,nonperson,bali dan nusa tenggara,Area_NTT
43,@NttBawaslu,nonperson,bali dan nusa tenggara,NttBawaslu
44,@NTTbersuara,nonperson,bali dan nusa tenggara,NTTbersuara
45,@KonJenBali,person,bali dan nusa tenggara,KonJenBali
46,@PemkabBadung,nonperson,bali dan nusa tenggara,PemkabBadung
47,@DenpasarKota,nonperson,bali dan nusa tenggara,DenpasarKota
48,@Beritabalicom,nonperson,bali dan nusa tenggara,Beritabalicom
49,@BASAbali,nonperson,bali dan nusa tenggara,BASAbali
50,@netijenbali,nonperson,bali dan nusa tenggara,netijenbali
51,@mangku_pastika,person,bali dan nusa tenggara,mangku_pastika
52,@gustumurtika,person,bali dan nusa tenggara,gustumurtika
53,@ruslanwiryadi,person,bali dan nusa tenggara,ruslanwiryadi
54,@claralistyaD,person,bali dan nusa tenggara,claralistyaD
55,@denpasarviral_,nonperson,bali dan nusa tenggara,denpasarviral_
56,@baliairports,nonperson,bali dan nusa tenggara,baliairports
57,@KomodoBajo,nonperson,bali dan nusa tenggara,KomodoBajo
58,@kanimlabuanbajo,nonperson,bali dan nusa tenggara,kanimlabuanbajo
59,@GenpiLabuanBajo,nonperson,bali dan nusa tenggara,GenpiLabuanBajo
60,@beachwalk_bali,nonperson,bali dan nusa tenggara,beachwalk_bali
61,@BaliNational,nonperson,bali dan nusa tenggara,BaliNational
62,@BaliUtd,nonperson,bali dan nusa tenggara,BaliUtd
63,@FSBali,nonperson,bali dan nusa tenggara,FSBali
64,@BEM_Udayana,nonperson,bali dan nusa tenggara,BEM_Udayana
65,@Riset_Denpasar,nonperson,bali dan nusa tenggara,Riset_Denpasar
66,@allhotelbali,nonperson,bali dan nusa tenggara,allhotelbali
67,@EdenKutaBali,nonperson,bali dan nusa tenggara,EdenKutaBali
68,@hotelindigobali,nonperson,bali dan nusa tenggara,hotelindigobali
69,@BaliHotelsAssn,nonperson,bali dan nusa tenggara,BaliHotelsAssn
70,@ritzcarltonbali,nonperson,bali dan nusa tenggara,ritzcarltonbali
71,@Marsowan,person,bali dan nusa tenggara,Marsowan
72,@selaparangtv,nonperson,bali dan nusa tenggara,selaparangtv
73,@THEBALIBIBLE,nonperson,bali dan nusa tenggara,THEBALIBIBLE
74,@stregisbali,nonperson,bali dan nusa tenggara,stregisbali
75,@infoLotim,nonperson,bali dan nusa tenggara,infoLotim
76,@RTMCPoldaNTB,nonperson,bali dan nusa tenggara,RTMCPoldaNTB
77,@QuestHotelKuta,nonperson,bali dan nusa tenggara,QuestHotelKuta
78,@die_samawa80,person,bali dan nusa tenggara,die_samawa80
79,@DeusBali,nonperson,bali dan nusa tenggara,DeusBali
80,@BaleBengong,nonperson,bali dan nusa tenggara,BaleBengong
81,@CityHype_Bali,nonperson,bali dan nusa tenggara,CityHype_Bali
82,@ColonyHotelBali,nonperson,bali dan nusa tenggara,ColonyHotelBali
83,@AmadeaBali,nonperson,bali dan nusa tenggara,AmadeaBali
84,@KupangNet,person,bali dan nusa tenggara,KupangNet
85,@yas_liufeto,person,bali dan nusa tenggara,yas_liufeto
86,@www_endhy_xyz,person,bali dan nusa tenggara,www_endhy_xyz
87,@positiflucu,person,bali dan nusa tenggara,positiflucu
88,@siman_sudartawa,person,bali dan nusa tenggara,siman_sudartawa
89,@dinkesbali,nonperson,bali dan nusa tenggara,dinkesbali
90,@PHOENIX91FM,nonperson,bali dan nusa tenggara,PHOENIX91FM
91,@aryasinga19,person,bali dan nusa tenggara,aryasinga19
92,@ZakyZakOriginal,person,bali dan nusa tenggara,ZakyZakOriginal
93,@KemaliciousBali,nonperson,bali dan nusa tenggara,KemaliciousBali
94,@latiefpingsan,person,bali dan nusa tenggara,latiefpingsan
95,@belloarda,person,bali dan nusa tenggara,belloarda
96,@Bimantara25,person,bali dan nusa tenggara,Bimantara25
97,@mahananda_,person,bali dan nusa tenggara,mahananda_
99,@adhunlee,person,jabodetabek,adhunlee
100,@doktermarket,nonperson,jabodetabek,doktermarket
101,@txtdrprogramer,nonperson,jabodetabek,txtdrprogramer
102,@perogeremmer,person,jabodetabek,perogeremmer
103,@NBA_Indonesia,nonperson,jabodetabek,NBA_Indonesia
104,@ZENRoomsID,nonperson,jabodetabek,ZENRoomsID
105,@Pro2Jak,nonperson,jabodetabek,Pro2Jak
106,@gadiiing,person,jabodetabek,gadiiing
107,@ragunanzoo,nonperson,jabodetabek,ragunanzoo
108,@irwancihuy,person,jabodetabek,irwancihuy
109,@WegoID,nonperson,jabodetabek,WegoID
110,@TokopediaCare,nonperson,jabodetabek,TokopediaCare
111,@nicsap,person,jabodetabek,nicsap
112,@TRANS7,nonperson,jabodetabek,TRANS7
113,@rs_persahabatan,nonperson,jabodetabek,rs_persahabatan
114,@jaan_indonesia,nonperson,jabodetabek,jaan_indonesia
115,@vincentrompies,person,jabodetabek,vincentrompies
116,@unescojakarta,nonperson,jabodetabek,unescojakarta
117,@Mandiri_OLT,nonperson,jabodetabek,Mandiri_OLT
118,@fauziachang,person,jabodetabek,fauziachang
119,@Ind_Mengajar,nonperson,jabodetabek,Ind_Mengajar
120,@drpriono1,person,jabodetabek,drpriono1
121,@KomikGaJelas,nonperson,jabodetabek,KomikGaJelas
122,@rachelvennya23,person,jabodetabek,rachelvennya23
123,@DepokTownSquare,nonperson,jabodetabek,DepokTownSquare
124,@beINSPORTSid,nonperson,jabodetabek,beINSPORTSid
125,@Pusfatja_LAPAN,nonperson,jabodetabek,Pusfatja_LAPAN
126,@KempinskiJKT,nonperson,jabodetabek,KempinskiJKT
127,@D_kriuk,nonperson,jabodetabek,D_kriuk
128,@GosyenTerang,nonperson,jabodetabek,GosyenTerang
129,@ciptaseni,nonperson,jabodetabek,ciptaseni
130,@showimah,person,jabodetabek,showimah
131,@KemenkesRI,nonperson,jabodetabek,KemenkesRI
132,@TrafficJakarta,person,jabodetabek,TrafficJakarta
133,@kemalpalevi,person,jabodetabek,kemalpalevi
134,@DPR_RI,nonperson,jabodetabek,DPR_RI
135,@indonesiana,nonperson,jabodetabek,indonesiana
136,@flutter_jkt,nonperson,jabodetabek,flutter_jkt
137,@OVJ_kitelagi,nonperson,jabodetabek,OVJ_kitelagi
138,@dokter_prima,person,jabodetabek,dokter_prima
139,@FirstMediaWorld,nonperson,jabodetabek,FirstMediaWorld
140,@fauzanalrasyid,person,jabodetabek,fauzanalrasyid
141,@dahSyatMusik,nonperson,jabodetabek,dahSyatMusik
142,@fadjroeL,person,jabodetabek,fadjroeL
143,@hammam_riza,person,jabodetabek,hammam_riza
144,@nuicemedia,nonperson,jabodetabek,nuicemedia
145,@arusbaik_id,nonperson,jabodetabek,arusbaik_id
146,@djrisbang,nonperson,jabodetabek,djrisbang
147,@Koja_RSUD,nonperson,jabodetabek,Koja_RSUD
148,@KompasTV,nonperson,jabodetabek,KompasTV
149,@fadlizon,person,jabodetabek,fadlizon
150,@HSBC_ID,nonperson,jabodetabek,HSBC_ID
151,@emansulaemannas,person,jabodetabek,emansulaemannas
152,@SuaraTanpaRokok,nonperson,jabodetabek,SuaraTanpaRokok
153,@ptabpptri,nonperson,jabodetabek,ptabpptri
154,@ldfebui,person,jabodetabek,ldfebui
155,@RadioKesehatan,nonperson,jabodetabek,RadioKesehatan
156,@dr_dip,person,jabodetabek,dr_dip
157,@imuni_id,nonperson,jabodetabek,imuni_id
158,@JakartaBNI46,nonperson,jabodetabek,JakartaBNI46
159,@iccialbarn,person,jabodetabek,iccialbarn
160,@carbonds_CRI,nonperson,jabodetabek,carbonds_CRI
161,@Persitajuara,nonperson,jabodetabek,Persitajuara
162,@Reisa_BA,person,jabodetabek,Reisa_BA
163,@SamuelSekuritas,nonperson,jabodetabek,SamuelSekuritas
164,@nblindonesia,nonperson,jabodetabek,nblindonesia
165,@muhmudrek,person,jabodetabek,muhmudrek
166,@puslitkoka_id,nonperson,jabodetabek,puslitkoka_id
167,@kevin_adhika,person,jabodetabek,kevin_adhika
168,@ConversationIDN,nonperson,jabodetabek,ConversationIDN
169,@fajarnugros,person,jabodetabek,fajarnugros
170,@Puslit_Arkenas,nonperson,jabodetabek,Puslit_Arkenas
171,@truthaboutluth,person,jabodetabek,truthaboutluth
172,@therealDiSastr,person,jabodetabek,therealDiSastr
173,@DataScienceIndo,nonperson,jabodetabek,DataScienceIndo
174,@gen987fm,person,jabodetabek,gen987fm
175,@LPDP_RI,nonperson,jabodetabek,LPDP_RI
176,@WhatsNewJakarta,nonperson,jabodetabek,WhatsNewJakarta
177,@sabdaps,person,jabodetabek,sabdaps
178,@wildwestraven,person,jabodetabek,wildwestraven
179,@MuseumMACAN,nonperson,jabodetabek,MuseumMACAN
180,@htlborobudurjkt,nonperson,jabodetabek,htlborobudurjkt
182,@ManojPunjabiMD,person,jabodetabek,ManojPunjabiMD
184,@pesonaid_travel,nonperson,jabodetabek,pesonaid_travel
185,@ratmanard,person,jabodetabek,ratmanard
186,@RistekCSUI,nonperson,jabodetabek,RistekCSUI
187,@emiliaNV,person,jabodetabek,emiliaNV
188,@kopinusantara_,nonperson,jabodetabek,kopinusantara_
189,@Lab1_FHUP,nonperson,jabodetabek,Lab1_FHUP
190,@ferdiriva,person,jabodetabek,ferdiriva
191,@wita_desandri,person,jabodetabek,wita_desandri
192,@ArianasIndo,nonperson,jabodetabek,ArianasIndo
193,@MMJJ21,nonperson,jabodetabek,MMJJ21
194,@republikaonline,nonperson,jabodetabek,republikaonline
195,@sucifadhilah23,person,jabodetabek,sucifadhilah23
196,@JakartaEE,nonperson,jabodetabek,JakartaEE
197,@MiraeAssetID,nonperson,jabodetabek,MiraeAssetID
198,@ernestprakasa,person,jabodetabek,ernestprakasa
199,@iyoaden,person,jabodetabek,iyoaden
200,@initiaraandini,person,jabodetabek,initiaraandini
201,@konsultbisnis,nonperson,jabodetabek,konsultbisnis
202,@Bisniscom,nonperson,jabodetabek,Bisniscom
203,@antvbola,nonperson,jabodetabek,antvbola
204,@LPEMFEBUI,nonperson,jabodetabek,LPEMFEBUI
205,@dharmawankenny,person,jabodetabek,dharmawankenny
206,@ipbofficial,nonperson,jabodetabek,ipbofficial
207,@ianhutomo,person,jabodetabek,ianhutomo
208,@KompasTravel,nonperson,jabodetabek,KompasTravel
209,@DanyBeler,person,jabodetabek,DanyBeler
210,@UnikaAtmaJaya,nonperson,jabodetabek,UnikaAtmaJaya
211,@hidatulfikri,person,jabodetabek,hidatulfikri
212,@tifsembiring,person,jabodetabek,tifsembiring
213,@humasbatan,nonperson,jabodetabek,humasbatan
214,@gilbhas,person,jabodetabek,gilbhas
215,@AkberJKT,nonperson,jabodetabek,AkberJKT
216,@WRIIndonesia,nonperson,jabodetabek,WRIIndonesia
217,@JCIndonesia,nonperson,jabodetabek,JCIndonesia
218,@pegipegi,nonperson,jabodetabek,pegipegi
219,@PerekonomianRI,nonperson,jabodetabek,PerekonomianRI
220,@MarcellSiahaan,person,jabodetabek,MarcellSiahaan
221,@antonybudianto,person,jabodetabek,antonybudianto
222,@KeperawatanUI,nonperson,jabodetabek,KeperawatanUI
223,@detiksport,nonperson,jabodetabek,detiksport
224,@GlennFredly,person,jabodetabek,GlennFredly
225,@MardaniAliSera,person,jabodetabek,MardaniAliSera
226,@AsiAfricaMuseum,nonperson,jawa barat dan banten,AsiAfricaMuseum
227,@komiklieur,person,jawa barat dan banten,komiklieur
228,@bappedajabar,nonperson,jawa barat dan banten,bappedajabar
229,@DBLWestJavaBDG,nonperson,jawa barat dan banten,DBLWestJavaBDG
230,@himpaudijabar,nonperson,jawa barat dan banten,himpaudijabar
231,@unisbaofficial,nonperson,jawa barat dan banten,unisbaofficial
232,@PandaMadu_05,person,jawa barat dan banten,PandaMadu_05
233,@IM3Jabar,nonperson,jawa barat dan banten,IM3Jabar
234,@BPBDJabar,nonperson,jawa barat dan banten,BPBDJabar
235,@gembongITB,person,jawa barat dan banten,gembongITB
236,@infolebakbanten,nonperson,jawa barat dan banten,infolebakbanten
237,@dishub_jabar,nonperson,jawa barat dan banten,dishub_jabar
238,@pidibaiq,person,jawa barat dan banten,pidibaiq
239,@faizsadad_,person,jawa barat dan banten,faizsadad_
240,@sandhikagalih,person,jawa barat dan banten,sandhikagalih
241,@satpolppjabar,nonperson,jawa barat dan banten,satpolppjabar
242,@boedybios,person,jawa barat dan banten,boedybios
243,@dprdjawabarat,nonperson,jawa barat dan banten,dprdjawabarat
244,@abdulazizlufti8,person,jawa barat dan banten,abdulazizlufti8
245,@kanwilbpnjabar,nonperson,jawa barat dan banten,kanwilbpnjabar
246,@BeritaJabarku,nonperson,jawa barat dan banten,BeritaJabarku
247,@umarahab,person,jawa barat dan banten,umarahab
248,@ARVC_Cirebon,nonperson,jawa barat dan banten,ARVC_Cirebon
249,@polsek_regol,nonperson,jawa barat dan banten,polsek_regol
250,@dikbudtangsel,nonperson,jawa barat dan banten,dikbudtangsel
251,@itbofficial,nonperson,jawa barat dan banten,itbofficial
252,@BBTA3_BPPT,nonperson,jawa barat dan banten,BBTA3_BPPT
253,@FiersaBesari,person,jawa barat dan banten,FiersaBesari
254,@bkpd_jabar,nonperson,jawa barat dan banten,bkpd_jabar
255,@bpptik,nonperson,jawa barat dan banten,bpptik
256,@HumasUntirta,nonperson,jawa barat dan banten,HumasUntirta
257,@erwinramdani93,person,jawa barat dan banten,erwinramdani93
258,@umaymah_azmi,person,jawa barat dan banten,umaymah_azmi
259,@klinikjaipong,nonperson,jawa barat dan banten,klinikjaipong
260,@CkdHumas,nonperson,jawa barat dan banten,CkdHumas
261,@pkskotacirebon,nonperson,jawa barat dan banten,pkskotacirebon
262,@kominfocianjur,nonperson,jawa barat dan banten,kominfocianjur
263,@radar_karawang,nonperson,jawa barat dan banten,radar_karawang
264,@ahmadirfaan_,person,jabodetabek,ahmadirfaan_
265,@lpmpbanten,nonperson,jawa barat dan banten,lpmpbanten
266,@pikobar_jabar,nonperson,jawa barat dan banten,pikobar_jabar
267,@Standupindo_cmh,nonperson,jawa barat dan banten,Standupindo_cmh
268,@OfficialPersika,nonperson,jawa barat dan banten,OfficialPersika
269,@PRFMnews,nonperson,jawa barat dan banten,PRFMnews
270,@Blogger_Cirebon,nonperson,jawa barat dan banten,Blogger_Cirebon
271,@eigeradventure,nonperson,jawa barat dan banten,eigeradventure
272,@UtdIndonesiaBDG,nonperson,jawa barat dan banten,UtdIndonesiaBDG
273,@explorejabar,nonperson,jawa barat dan banten,explorejabar
274,@salinkoordinasi,nonperson,jawa barat dan banten,salinkoordinasi
275,@SMPN2CRB,nonperson,jawa barat dan banten,SMPN2CRB
276,@OdedMD,person,jawa barat dan banten,OdedMD
277,@redlight_wear,nonperson,jabodetabek,redlight_wear
278,@aheryawan,person,jawa barat dan banten,aheryawan
279,@DediMulyadi71,person,jawa barat dan banten,DediMulyadi71
280,@ErsaTriWahyuni,person,jawa barat dan banten,ErsaTriWahyuni
281,@yudhakhel,person,jabodetabek,yudhakhel
282,@Kejaricirebon,nonperson,jawa barat dan banten,Kejaricirebon
283,@KM_ITB,nonperson,jawa barat dan banten,KM_ITB
284,@gebiramadhan,person,jawa barat dan banten,gebiramadhan
285,@asadepan,nonperson,jawa barat dan banten,asadepan
286,@siti_odedMD,person,jawa barat dan banten,siti_odedMD
287,@pojokpendidikan,nonperson,jawa barat dan banten,pojokpendidikan
288,@persib,nonperson,jawa barat dan banten,persib
289,@obsbosscha,nonperson,jawa barat dan banten,obsbosscha
290,@Bekasiberkebun,nonperson,jabodetabek,Bekasiberkebun
291,@Kuliner_Bandung,nonperson,jawa barat dan banten,Kuliner_Bandung
292,@VidiesBandung,nonperson,jawa barat dan banten,VidiesBandung
293,@KPUKuningan,nonperson,jawa barat dan banten,KPUKuningan
294,@KukuhYEA,person,jawa barat dan banten,KukuhYEA
295,@SwetaKartika,person,jawa barat dan banten,SwetaKartika
297,@StandUpGarut,nonperson,jawa barat dan banten,StandUpGarut
298,@humasjabar,nonperson,jawa barat dan banten,humasjabar
299,@KconkBandung313,nonperson,jawa barat dan banten,KconkBandung313
300,@diskominfojabar,nonperson,jawa barat dan banten,diskominfojabar
301,@pikiran_rakyat,nonperson,jawa barat dan banten,pikiran_rakyat
302,@uu_ruzhanul,person,jawa barat dan banten,uu_ruzhanul
303,@ukm_official,nonperson,jawa barat dan banten,ukm_official
304,@ThePapandayan,nonperson,jawa barat dan banten,ThePapandayan
305,@eka_sugandi,person,jabodetabek,eka_sugandi
306,@PerkebunanJabar,nonperson,jawa barat dan banten,PerkebunanJabar
307,@disdik_bandung,nonperson,jawa barat dan banten,disdik_bandung
308,@WestJavaCoffee,nonperson,jawa barat dan banten,WestJavaCoffee
309,@mathdroid,person,jawa barat dan banten,mathdroid
310,@IDWanderlust,nonperson,jawa barat dan banten,IDWanderlust
311,@beckhamputran,person,jawa barat dan banten,beckhamputran
312,@TelUniversity,nonperson,jawa barat dan banten,TelUniversity
313,@bandungpy,nonperson,jawa barat dan banten,bandungpy
314,@pmijabar,nonperson,jawa barat dan banten,pmijabar
315,@humaspoldajbr,nonperson,jawa barat dan banten,humaspoldajbr
316,@bandung_goid,nonperson,jawa barat dan banten,bandung_goid
317,@perekonomianjbr,nonperson,jawa barat dan banten,perekonomianjbr
318,@PemdaKotaCrb,nonperson,jawa barat dan banten,PemdaKotaCrb
319,@IhraTumiwa,person,jawa barat dan banten,IhraTumiwa
320,@angklung3,nonperson,jawa barat dan banten,angklung3
321,@zarryhendrik,person,jabodetabek,zarryhendrik
322,@Tribun_Jabar,nonperson,jawa barat dan banten,Tribun_Jabar
323,@Deddy_Mizwar_,person,jabodetabek,Deddy_Mizwar_
324,@ficofachriza_,person,jabodetabek,ficofachriza_
325,@TRANSluxuryHTL,nonperson,jawa barat dan banten,TRANSluxuryHTL
326,@InvestorKalem,person,jawa barat dan banten,InvestorKalem
327,@Radhinalindra,person,jawa barat dan banten,Radhinalindra
328,@ajibramantio6,person,jawa barat dan banten,ajibramantio6
329,@wowbanten,person,jawa barat dan banten,wowbanten
330,@bimautamajabar,nonperson,jawa barat dan banten,bimautamajabar
331,@kpubandungbarat,nonperson,jawa barat dan banten,kpubandungbarat
332,@aagym,person,jawa barat dan banten,aagym
333,@Perserang1958,nonperson,jawa barat dan banten,Perserang1958
334,@PSGC_Ciamis,nonperson,jawa barat dan banten,PSGC_Ciamis
335,@pksjabar,nonperson,jawa barat dan banten,pksjabar
336,@unpad,nonperson,jawa barat dan banten,unpad
337,@dkd_jawabarat,nonperson,jawa barat dan banten,dkd_jawabarat
338,@MCSCI_WOJ,nonperson,jawa barat dan banten,MCSCI_WOJ
339,@AbdulHafizhRA,person,jawa barat dan banten,AbdulHafizhRA
340,@AMS_pusat,nonperson,jawa barat dan banten,AMS_pusat
341,@angga_fzn,person,jabodetabek,angga_fzn
342,@isbibandung,nonperson,jawa barat dan banten,isbibandung
343,@sman5bdg,nonperson,jawa barat dan banten,sman5bdg
344,@rs_matacicendo,nonperson,jawa barat dan banten,rs_matacicendo
345,@angklungMuhibah,nonperson,jawa barat dan banten,angklungMuhibah
346,@infobdg,nonperson,jawa barat dan banten,infobdg
347,@MNCBandung,nonperson,jawa barat dan banten,MNCBandung
348,@Bandung_Dinkes,nonperson,jawa barat dan banten,Bandung_Dinkes
349,@angklungudjo,nonperson,jawa barat dan banten,angklungudjo
350,@MayongFirdaus,person,jawa barat dan banten,MayongFirdaus
351,@TamanMekarsari,nonperson,jawa barat dan banten,TamanMekarsari
352,@bptdjabar,nonperson,jawa barat dan banten,bptdjabar
353,@kompastv_jabar,nonperson,jawa barat dan banten,kompastv_jabar
354,@polresjogja,nonperson,jawa tengah dan yogyakarta,polresjogja
355,@yogyandroid,nonperson,jawa tengah dan yogyakarta,yogyandroid
356,@MNCTrijayaJogja,nonperson,jawa tengah dan yogyakarta,MNCTrijayaJogja
357,@GadgetYogya,nonperson,jawa tengah dan yogyakarta,GadgetYogya
358,@JogjaUpdate,nonperson,jawa tengah dan yogyakarta,JogjaUpdate
359,@MiFans_Djogja,nonperson,jawa tengah dan yogyakarta,MiFans_Djogja
360,@UGMYogyakarta,nonperson,jawa tengah dan yogyakarta,UGMYogyakarta
361,@JogjaSoftware,nonperson,jawa tengah dan yogyakarta,JogjaSoftware
362,@rsugm,nonperson,jawa tengah dan yogyakarta,rsugm
363,@feb_ugm,nonperson,jawa tengah dan yogyakarta,feb_ugm
364,@unyofficial,nonperson,jawa tengah dan yogyakarta,unyofficial
365,@kratonjogja,nonperson,jawa tengah dan yogyakarta,kratonjogja
366,@UINSK,nonperson,jawa tengah dan yogyakarta,UINSK
367,@PoldaJogja,nonperson,jawa tengah dan yogyakarta,PoldaJogja
368,@UPNVY_Official,nonperson,jawa tengah dan yogyakarta,UPNVY_Official
369,@humas_jogja,nonperson,jawa tengah dan yogyakarta,humas_jogja
370,@provjateng,nonperson,jawa tengah dan yogyakarta,provjateng
371,@FutsalJateng,nonperson,jawa tengah dan yogyakarta,FutsalJateng
372,@mardiasih,person,jawa tengah dan yogyakarta,mardiasih
373,@TifosiFutsalJGJ,nonperson,jawa tengah dan yogyakarta,TifosiFutsalJGJ
374,@VisitJawaTengah,nonperson,jawa tengah dan yogyakarta,VisitJawaTengah
375,@Bappeda_Jateng,nonperson,jawa tengah dan yogyakarta,Bappeda_Jateng
376,@dinsosjateng,nonperson,jawa tengah dan yogyakarta,dinsosjateng
377,@dinkopjateng,nonperson,jawa tengah dan yogyakarta,dinkopjateng
378,@indra_sjafri,person,jawa tengah dan yogyakarta,indra_sjafri
379,@TuneHotelsID,nonperson,jawa tengah dan yogyakarta,TuneHotelsID
380,@PSSleman,nonperson,jawa tengah dan yogyakarta,PSSleman
381,@AzamRaharjo,person,jawa tengah dan yogyakarta,AzamRaharjo
382,@ganjarpranowo,person,jawa tengah dan yogyakarta,ganjarpranowo
383,@BhayangkaraFC,nonperson,jawa tengah dan yogyakarta,BhayangkaraFC
384,@standupUINjogja,nonperson,jawa tengah dan yogyakarta,standupUINjogja
385,@GamelanKonslet,nonperson,jawa tengah dan yogyakarta,GamelanKonslet
386,@jogja_jfrc,nonperson,jawa tengah dan yogyakarta,jogja_jfrc
387,@jawafess,nonperson,jawa tengah dan yogyakarta,jawafess
388,@KemFazHas,person,jawa tengah dan yogyakarta,KemFazHas
389,@bappedasemarang,nonperson,jawa tengah dan yogyakarta,bappedasemarang
390,@dprdkotasmg,nonperson,jawa tengah dan yogyakarta,dprdkotasmg
391,@KPLISemarang,nonperson,jawa tengah dan yogyakarta,KPLISemarang
392,@kecsmgutara,nonperson,jawa tengah dan yogyakarta,kecsmgutara
393,@wisatasemarang,nonperson,jawa tengah dan yogyakarta,wisatasemarang
394,@SemarangID,nonperson,jawa tengah dan yogyakarta,SemarangID
395,@BpsSemarang,nonperson,jawa tengah dan yogyakarta,BpsSemarang
396,@PemkotSemarang,nonperson,jawa tengah dan yogyakarta,PemkotSemarang
397,@visitsemarang,nonperson,jawa tengah dan yogyakarta,visitsemarang
398,@PemkotSmg,nonperson,jawa tengah dan yogyakarta,PemkotSmg
399,@IDIJawaTengah,nonperson,jawa tengah dan yogyakarta,IDIJawaTengah
400,@madeandi,person,jawa tengah dan yogyakarta,madeandi
401,@hendrarprihadi,person,jawa tengah dan yogyakarta,hendrarprihadi
402,@humasjateng,nonperson,jawa tengah dan yogyakarta,humasjateng
403,@HaidarMusyafa,person,jawa tengah dan yogyakarta,HaidarMusyafa
404,@indieguerillas,person,jawa tengah dan yogyakarta,indieguerillas
405,@uajy,nonperson,jawa tengah dan yogyakarta,uajy
406,@unisa_yogya,nonperson,jawa tengah dan yogyakarta,unisa_yogya
407,@klik_uad,nonperson,jawa tengah dan yogyakarta,klik_uad
408,@UinWSofficial,nonperson,jawa tengah dan yogyakarta,UinWSofficial
409,@dr_ardi,person,jawa tengah dan yogyakarta,dr_ardi
410,@TajYasinMZ,person,jawa tengah dan yogyakarta,TajYasinMZ
411,@DinkominfoBlora,nonperson,jawa tengah dan yogyakarta,DinkominfoBlora
412,@disporaparjtg,nonperson,jawa tengah dan yogyakarta,disporaparjtg
413,@kominfo_jtg,nonperson,jawa tengah dan yogyakarta,kominfo_jtg
414,@rsudmargono,nonperson,jawa tengah dan yogyakarta,rsudmargono
415,@Rs_Tugurejo,nonperson,jawa tengah dan yogyakarta,Rs_Tugurejo
416,@AriefRohman_838,person,jawa tengah dan yogyakarta,AriefRohman_838
417,@desa_cibuyur,nonperson,jawa tengah dan yogyakarta,desa_cibuyur
418,@nurfmrembang,nonperson,jawa tengah dan yogyakarta,nurfmrembang
419,@WidyoLita,person,jawa tengah dan yogyakarta,WidyoLita
420,@wakilbupatipml,person,jawa tengah dan yogyakarta,wakilbupatipml
421,@DPD_PDIP_JATENG,nonperson,jawa tengah dan yogyakarta,DPD_PDIP_JATENG
422,@infolistrikdjty,nonperson,jawa tengah dan yogyakarta,infolistrikdjty
423,@ESDMJateng,nonperson,jawa tengah dan yogyakarta,ESDMJateng
424,@lpmpjateng,nonperson,jawa tengah dan yogyakarta,lpmpjateng
425,@bpbdjateng,nonperson,jawa tengah dan yogyakarta,bpbdjateng
426,@KPIDJateng,nonperson,jawa tengah dan yogyakarta,KPIDJateng
427,@PMIJawaTengah,nonperson,jawa tengah dan yogyakarta,PMIJawaTengah
428,@tvrijateng,nonperson,jawa tengah dan yogyakarta,tvrijateng
429,@bb_jateng,nonperson,jawa tengah dan yogyakarta,bb_jateng
430,@yusuf_ch,person,jawa tengah dan yogyakarta,yusuf_ch
431,@Sukirman_Kir,person,jawa tengah dan yogyakarta,Sukirman_Kir
432,@meliniacaca,person,jawa tengah dan yogyakarta,meliniacaca
433,@wijangsha,person,jawa tengah dan yogyakarta,wijangsha
434,@peransampingan,person,jawa tengah dan yogyakarta,peransampingan
435,@SH_Jateng,nonperson,jawa tengah dan yogyakarta,SH_Jateng
436,@dt_djpjateng1,nonperson,jawa tengah dan yogyakarta,dt_djpjateng1
437,@BKKBN_Jateng,nonperson,jawa tengah dan yogyakarta,BKKBN_Jateng
438,@dtlpoldajateng,nonperson,jawa tengah dan yogyakarta,dtlpoldajateng
439,@PMIKabpkl,nonperson,jawa tengah dan yogyakarta,PMIKabpkl
440,@pmi_diy,nonperson,jawa tengah dan yogyakarta,pmi_diy
441,@AnimalFriendsYK,nonperson,jawa tengah dan yogyakarta,AnimalFriendsYK
442,@artjog,nonperson,jawa tengah dan yogyakarta,artjog
443,@infoFKY,nonperson,jawa tengah dan yogyakarta,infoFKY
444,@yogyes,nonperson,jawa tengah dan yogyakarta,yogyes
445,@Hanungbramantyo,person,jawa tengah dan yogyakarta,Hanungbramantyo
446,@bemkm_ugm,nonperson,jawa tengah dan yogyakarta,bemkm_ugm
447,@jointsugm,nonperson,jawa tengah dan yogyakarta,jointsugm
448,@Madrid_IndoPWT,nonperson,jawa tengah dan yogyakarta,Madrid_IndoPWT
449,@BEMUndip_,nonperson,jawa tengah dan yogyakarta,BEMUndip_
450,@undip,nonperson,jawa tengah dan yogyakarta,undip
451,@HimagipaUpgris,nonperson,jawa tengah dan yogyakarta,HimagipaUpgris
452,@hmfundip,nonperson,jawa tengah dan yogyakarta,hmfundip
453,@Taekwondo_UNDIP,nonperson,jawa tengah dan yogyakarta,Taekwondo_UNDIP
454,@BEMUNS,nonperson,jawa tengah dan yogyakarta,BEMUNS
455,@DuniaKuli,nonperson,jawa tengah dan yogyakarta,DuniaKuli
456,@bank_jateng,nonperson,jawa tengah dan yogyakarta,bank_jateng
457,@metrotvjateng,nonperson,jawa tengah dan yogyakarta,metrotvjateng
458,@BerandaJogja,nonperson,jawa tengah dan yogyakarta,BerandaJogja
459,@GKRHayu,person,jawa tengah dan yogyakarta,GKRHayu
460,@Harian_Jogja,person,jawa tengah dan yogyakarta,Harian_Jogja
461,@wikan_sakarinto,person,jawa tengah dan yogyakarta,wikan_sakarinto
462,@JogjaCTour,nonperson,jawa tengah dan yogyakarta,JogjaCTour
463,@persisofficial,nonperson,jawa tengah dan yogyakarta,persisofficial
464,@PSCS_Cilacap,nonperson,jawa tengah dan yogyakarta,PSCS_Cilacap
465,@StandUpSOLO,nonperson,jawa tengah dan yogyakarta,StandUpSOLO
466,@LAF_Jogja,nonperson,jawa tengah dan yogyakarta,LAF_Jogja
467,@teaterdipoundip,nonperson,jawa tengah dan yogyakarta,teaterdipoundip
468,@SadanaAgungS,person,jawa tengah dan yogyakarta,SadanaAgungS
469,@ravacanafilms,nonperson,jawa tengah dan yogyakarta,ravacanafilms
470,@Wulangan,person,jawa tengah dan yogyakarta,Wulangan
471,@museumjateng,nonperson,jawa tengah dan yogyakarta,museumjateng
472,@dotsemarang,nonperson,jawa tengah dan yogyakarta,dotsemarang
473,@AnurandhaJogja,person,jawa tengah dan yogyakarta,AnurandhaJogja
474,@siriiusssss,person,jawa tengah dan yogyakarta,siriiusssss
475,@CampusBoys1976,nonperson,jawa tengah dan yogyakarta,CampusBoys1976
477,@coasteagle1976,nonperson,jawa tengah dan yogyakarta,coasteagle1976
478,@SPxPSS1976,nonperson,jawa timur,SPxPSS1976
479,@Yudhapraditya46,person,jawa tengah dan yogyakarta,Yudhapraditya46
480,@RicoTude,person,jawa tengah dan yogyakarta,RicoTude
481,@xtianjing,person,jawa tengah dan yogyakarta,xtianjing
482,@buahfresh17,nonperson,jawa tengah dan yogyakarta,buahfresh17
483,@grandhisfthr,person,jawa tengah dan yogyakarta,grandhisfthr
484,@mrlogix,person,jabodetabek,mrlogix
485,@JNE_Blitar,nonperson,jawa timur,JNE_Blitar
486,@jelajahblitar,nonperson,jawa timur,jelajahblitar
487,@BAPENGDA_JATIM,nonperson,jawa timur,BAPENGDA_JATIM
488,@dishut_jatim,nonperson,jawa timur,dishut_jatim
489,@JatimPemprov,nonperson,jawa timur,JatimPemprov
490,@humasprovjatim,nonperson,jawa timur,humasprovjatim
491,@bank_jatim,nonperson,jawa timur,bank_jatim
492,@BisnisId_Malang,nonperson,jawa timur,BisnisId_Malang
493,@tfsurabaya,nonperson,jawa timur,tfsurabaya
494,@cakasana,person,jawa timur,cakasana
495,@KediriRiderClub,nonperson,jawa timur,KediriRiderClub
496,@salpriadi_,person,jawa timur,salpriadi_
497,@1001malamdotcom,nonperson,jawa timur,1001malamdotcom
498,@isyuniarto,person,jawa timur,isyuniarto
499,@DKLovers_SBY,nonperson,jawa timur,DKLovers_SBY
500,@persebayaupdate,nonperson,jawa timur,persebayaupdate
501,@PerselaFC,nonperson,jawa timur,PerselaFC
502,@clsknights,nonperson,jawa timur,clsknights
503,@beritajatimcom,nonperson,jawa timur,beritajatimcom
504,@persikfckediri,nonperson,jawa timur,persikfckediri
505,@MaduraUnitedFC,nonperson,jawa timur,MaduraUnitedFC
506,@SamatorSurabaya,nonperson,jawa timur,SamatorSurabaya
507,@AremafcOfficial,nonperson,jawa timur,AremafcOfficial
508,@UB_Official,nonperson,jawa timur,UB_Official
509,@safari_prigen,nonperson,jawa timur,safari_prigen
510,@GresikUtd,nonperson,jawa timur,GresikUtd
511,@kawankoding,nonperson,jawa timur,kawankoding
512,@bapendajatim,nonperson,jawa timur,bapendajatim
513,@fransiscusario,person,jawa timur,fransiscusario
514,@BanggaSurabaya,nonperson,jawa timur,BanggaSurabaya
515,@SapawargaSby,nonperson,jawa timur,SapawargaSby
516,@PMI_Surabaya,nonperson,jawa timur,PMI_Surabaya
517,@HARRISMalang,nonperson,jawa timur,HARRISMalang
518,@MuseumAngkut,nonperson,jawa timur,MuseumAngkut
519,@jawatimurpark,nonperson,jawa timur,jawatimurpark
520,@WisataMalam_BNS,nonperson,jawa timur,WisataMalam_BNS
521,@ecogreenpark,nonperson,jawa timur,ecogreenpark
522,@klubbunga,nonperson,jawa timur,klubbunga
523,@loproadventures,nonperson,jawa timur,loproadventures
524,@banyuwangi_kab,nonperson,jawa timur,banyuwangi_kab
525,@Lantas_RestaBwi,nonperson,jawa timur,Lantas_RestaBwi
526,@MahasiswaAE,nonperson,jawa timur,MahasiswaAE
527,@ppiacid,nonperson,jawa timur,ppiacid
528,@exploreeastjava,nonperson,jawa timur,exploreeastjava
529,@bromo_eastjava,nonperson,jawa timur,bromo_eastjava
530,@EastJavaTourism,nonperson,jawa timur,EastJavaTourism
531,@EmilDardak,nonperson,jawa timur,EmilDardak
532,@iSatrio,person,jawa timur,iSatrio
533,@e100ss,nonperson,jawa timur,e100ss
534,@Gamal_Albinsaid,person,jawa timur,Gamal_Albinsaid
535,@Moektito,person,jawa timur,Moektito
536,@pemkabsidoarjo2,nonperson,jawa timur,pemkabsidoarjo2
537,@GusIpul_ID,person,jawa timur,GusIpul_ID
538,@rabaddruttamam,person,jawa timur,rabaddruttamam
539,@dinsos_jatim,nonperson,jawa timur,dinsos_jatim
540,@USConGenSby,nonperson,jawa timur,USConGenSby
541,@infosurabaya,nonperson,jawa timur,infosurabaya
542,@its_campus,nonperson,jawa timur,its_campus
543,@Unair_Official,nonperson,jawa timur,Unair_Official
544,@fstua,nonperson,jawa timur,fstua
545,@fpub_official,nonperson,jawa timur,fpub_official
546,@UM_1954,nonperson,jawa timur,UM_1954
547,@UntagSurabaya,nonperson,jawa timur,UntagSurabaya
548,@poltekbangsby,nonperson,jawa timur,poltekbangsby
549,@kpukotablitar,nonperson,jawa timur,kpukotablitar
550,@kpu_pacitan,nonperson,jawa timur,kpu_pacitan
552,@Dodit_Mulyanto,person,jawa timur,Dodit_Mulyanto
553,@KhofifahIP,person,jawa timur,KhofifahIP
554,@PemkotMalang,nonperson,jawa timur,PemkotMalang
555,@RTMCJatim,nonperson,jawa timur,RTMCJatim
556,@Mandala964FM,nonperson,jawa timur,Mandala964FM
557,@Sutiaj1,person,jawa timur,Sutiaj1
558,@NewsJatim,nonperson,jawa timur,NewsJatim
559,@Diskes_KoMal,nonperson,jawa timur,Diskes_KoMal
560,@RRIMalang,nonperson,jawa timur,RRIMalang
561,@bpbd_malangkota,nonperson,jawa timur,bpbd_malangkota
562,@BpbdkabTuban,nonperson,jawa timur,BpbdkabTuban
563,@Kidholic_Blitar,nonperson,jawa timur,Kidholic_Blitar
564,@SmashblstJATIM,nonperson,jawa timur,SmashblstJATIM
565,@arlan_osa,person,jawa timur,arlan_osa
566,@mtf_jatim,nonperson,jawa timur,mtf_jatim
567,@RescueJtm,nonperson,jawa timur,RescueJtm
568,@ShangriLaSUB,nonperson,jawa timur,ShangriLaSUB
569,@DJFMSURABAYA,nonperson,jawa timur,DJFMSURABAYA
570,@MercureSurabaya,nonperson,jawa timur,MercureSurabaya
571,@CiputraWorldSby,nonperson,jawa timur,CiputraWorldSby
572,@JWMarriottSby,nonperson,jawa timur,JWMarriottSby
573,@EM_UBOfficial,nonperson,jawa timur,EM_UBOfficial
574,@lirajtm,nonperson,jawa timur,lirajtm
575,@PolrestabesSby,nonperson,jawa timur,PolrestabesSby
576,@Youthssfm,nonperson,jawa timur,Youthssfm
577,@IrhamMaulidy,person,jawa timur,IrhamMaulidy
578,@dr_Aldi18,person,jawa timur,dr_Aldi18
579,@IAImudajatim,nonperson,jawa timur,IAImudajatim
580,@SoyMpieth,person,jawa timur,SoyMpieth
581,@FransRuntulalu,person,jawa timur,FransRuntulalu
582,@Monicaiphing,person,jawa timur,Monicaiphing
583,@pemkabpasuruan_,nonperson,jawa timur,pemkabpasuruan_
584,@bpbd_pmk,nonperson,jawa timur,bpbd_pmk
585,@blitar_bersatu,nonperson,jawa timur,blitar_bersatu
586,@Once_JawaTimur,nonperson,jawa timur,Once_JawaTimur
587,@BB_Jatim,nonperson,jawa timur,BB_Jatim
588,@mohnasihunair,person,jawa timur,mohnasihunair
589,@bmsukoco,person,jawa timur,bmsukoco
590,@perpusub,nonperson,jawa timur,perpusub
592,@IFI_Sby,nonperson,jawa timur,IFI_Sby
593,@dapursolia,person,jawa timur,dapursolia
594,@achmad_khumaini,person,jawa timur,achmad_khumaini
595,@AnangEndaryanto,person,jawa timur,AnangEndaryanto
596,@Bisnis_Kreatif,nonperson,jawa timur,Bisnis_Kreatif
597,@climax_ao,nonperson,jawa timur,climax_ao
598,@diptabaswara,person,jawa timur,diptabaswara
599,@PasuruanFess,nonperson,jawa timur,PasuruanFess
600,@PersatuFC,nonperson,jawa timur,PersatuFC
601,@teater_kutub,nonperson,jawa timur,teater_kutub
602,@Vasudonesta1976,nonperson,jawa timur,Vasudonesta1976
603,@DokterHafid,person,jawa timur,DokterHafid
604,@GoBatuMlg,nonperson,jawa timur,GoBatuMlg
605,@veanarvian,person,jawa timur,veanarvian
606,@hengpaenpaen,person,jawa timur,hengpaenpaen
607,@act2give,nonperson,kalimantan,act2give
608,@kumham_kalbar,nonperson,kalimantan,kumham_kalbar
609,@DJPb_Kaltim,nonperson,kalimantan,DJPb_Kaltim
610,@dlhprovkaltim,nonperson,kalimantan,dlhprovkaltim
611,@bigmall_smd,nonperson,kalimantan,bigmall_smd
613,@Kaltim123,nonperson,kalimantan,Kaltim123
614,@kumham_kalsel,nonperson,kalimantan,kumham_kalsel
615,@BB_Kalbar,nonperson,kalimantan,BB_Kalbar
616,@KantorBahasaKT,nonperson,kalimantan,KantorBahasaKT
617,@bbkalteng,nonperson,kalimantan,bbkalteng
618,@wirausahaKalsel,nonperson,kalimantan,wirausahaKalsel
619,@dodon_jerry,person,kalimantan,dodon_jerry
620,@BCLiciousKlmtan,nonperson,kalimantan,BCLiciousKlmtan
621,@rickysadewa_895,person,kalimantan,rickysadewa_895
622,@BSKalimantan,nonperson,kalimantan,BSKalimantan
623,@melianach,person,kalimantan,melianach
624,@Vikingkalsell,nonperson,kalimantan,Vikingkalsell
625,@radioMartapura,nonperson,kalimantan,radioMartapura
626,@pertaminaborneo,nonperson,kalimantan,pertaminaborneo
627,@TwiBiKalimantan,nonperson,kalimantan,TwiBiKalimantan
628,@walhi_kalteng,nonperson,kalimantan,walhi_kalteng
629,@fosilkaliber,nonperson,kalimantan,fosilkaliber
630,@TVRIKALTIM_,nonperson,kalimantan,TVRIKALTIM_
631,@kantahkabkapuas,nonperson,kalimantan,kantahkabkapuas
632,@Sayuko2,person,kalimantan,Sayuko2
633,@tanjungputingNP,nonperson,kalimantan,tanjungputingNP
634,@BorneoSMR,nonperson,kalimantan,BorneoSMR
635,@BeritaKaltim,nonperson,kalimantan,BeritaKaltim
636,@MitraKukar,nonperson,kalimantan,MitraKukar
637,@cosbylarsons,person,kalimantan,cosbylarsons
638,@Chris_ambarita,person,kalimantan,Chris_ambarita
639,@FROOOSSTT,person,kalimantan,FROOOSSTT
640,@kokoramadanto,person,kalimantan,kokoramadanto
641,@bpsprovkalsel,nonperson,kalimantan,bpsprovkalsel
642,@bpskalteng,nonperson,kalimantan,bpskalteng
643,@pajakpontibarat,nonperson,kalimantan,pajakpontibarat
644,@walhikalsel,nonperson,kalimantan,walhikalsel
645,@SabraniBran,person,kalimantan,SabraniBran
646,@DanarSN,person,kalimantan,DanarSN
647,@infoPontianak,nonperson,kalimantan,infoPontianak
648,@tribunpontianak,nonperson,kalimantan,tribunpontianak
649,@KompasTV_PTK,nonperson,kalimantan,KompasTV_PTK
650,@Edi_Kamtono,person,kalimantan,Edi_Kamtono
651,@HendriSayuti,person,kalimantan,HendriSayuti
652,@ocsyaadecp,person,kalimantan,ocsyaadecp
653,@ilhamituiam,person,kalimantan,ilhamituiam
654,@IsranOfficial,person,kalimantan,IsranOfficial
655,@KoranKaltimcom,nonperson,kalimantan,KoranKaltimcom
656,@Poldakaltim,nonperson,kalimantan,Poldakaltim
657,@ppid_smr,nonperson,kalimantan,ppid_smr
658,@StandUpPTK,nonperson,kalimantan,StandUpPTK
659,@HendRadianceBJM,nonperson,kalimantan,HendRadianceBJM
660,@bloggerkalsel,nonperson,kalimantan,bloggerkalsel
661,@kumhamkalsel,nonperson,kalimantan,kumhamkalsel
662,@habibmahdiyahya,person,kalimantan,habibmahdiyahya
663,@PMIBanjarmasin,nonperson,kalimantan,PMIBanjarmasin
664,@orangutan_COP,nonperson,kalimantan,orangutan_COP
665,@bnnpkaltara,nonperson,kalimantan,bnnpkaltara
666,@PSBaritoPutera,nonperson,kalimantan,PSBaritoPutera
667,@bemkmunmul,nonperson,kalimantan,bemkmunmul
668,@VikborOfficial,nonperson,kalimantan,VikborOfficial
669,@AIS_PTK,nonperson,kalimantan,AIS_PTK
670,@banjarmasinpost,nonperson,kalimantan,banjarmasinpost
671,@infoPLK,nonperson,kalimantan,infoPLK
672,@Abang_Cetan,person,kalimantan,Abang_Cetan
673,@Pemprov_Kaltim,nonperson,kalimantan,Pemprov_Kaltim
674,@alwaysCiGi,nonperson,kalimantan,alwaysCiGi
675,@theCitizens_PLK,nonperson,kalimantan,theCitizens_PLK
676,@KnwilBPNKalteng,nonperson,kalimantan,KnwilBPNKalteng
677,@KaltengPutraKu,nonperson,kalimantan,KaltengPutraKu
678,@TeaterMelati,nonperson,kalimantan,TeaterMelati
679,@JRadio917FM,nonperson,kalimantan,JRadio917FM
680,@ogiie_yogie,person,kalimantan,ogiie_yogie
681,@nurfrina,person,kalimantan,nurfrina
682,@vjbeben,person,kalimantan,vjbeben
683,@adetysuperemak,person,kalimantan,adetysuperemak
684,@antungriduan,person,kalimantan,antungriduan
685,@ananta_aj,person,kalimantan,ananta_aj
686,@IbnuSina,person,kalimantan,IbnuSina
687,@SenjaFrima,person,kalimantan,SenjaFrima
688,@rahimzha,person,kalimantan,rahimzha
689,@ronyfachry_PSI,person,kalimantan,ronyfachry_PSI
690,@yona_banjar,person,kalimantan,yona_banjar
691,@edyporwanto02,person,kalimantan,edyporwanto02
692,@Instakalsel,nonperson,kalimantan,Instakalsel
693,@orizanoor,person,kalimantan,orizanoor
694,@Swamat28,person,kalimantan,Swamat28
695,@aragens,person,kalimantan,aragens
696,@InfoGOBJM,nonperson,kalimantan,InfoGOBJM
697,@PSG_KalTIm,nonperson,kalimantan,PSG_KalTIm
698,@soundofpapua,nonperson,maluku dan papua,soundofpapua
699,@berita_papuaID,nonperson,maluku dan papua,berita_papuaID
700,@Info_Jayapura,nonperson,maluku dan papua,Info_Jayapura
701,@ponxx2020papua,nonperson,maluku dan papua,ponxx2020papua
702,@MalukuBaronda,nonperson,maluku dan papua,MalukuBaronda
703,@Tribun_Maluku,nonperson,maluku dan papua,Tribun_Maluku
704,@BeritaPapua,nonperson,maluku dan papua,BeritaPapua
705,@SuaraPapua,nonperson,maluku dan papua,SuaraPapua
706,@ombudsmanmalut,nonperson,maluku dan papua,ombudsmanmalut
707,@bptp_malut,nonperson,maluku dan papua,bptp_malut
708,@PemprovMaluku,nonperson,maluku dan papua,PemprovMaluku
709,@FreePapua,nonperson,maluku dan papua,FreePapua
710,@papuanews,nonperson,maluku dan papua,papuanews
711,@infoBMKGMaluku,nonperson,maluku dan papua,infoBMKGMaluku
712,@KantorBhsMalut,nonperson,maluku dan papua,KantorBhsMalut
713,@BeritaMaluku,nonperson,maluku dan papua,BeritaMaluku
714,@MalukuOnlineCJ,nonperson,maluku dan papua,MalukuOnlineCJ
715,@kpu_malut,nonperson,maluku dan papua,kpu_malut
716,@DitlantasMaluku,nonperson,maluku dan papua,DitlantasMaluku
717,@Papua_WatchDogs,nonperson,maluku dan papua,Papua_WatchDogs
718,@P3MD_Papua,nonperson,maluku dan papua,P3MD_Papua
719,@justiceforpapua,nonperson,maluku dan papua,justiceforpapua
720,@persipura63,nonperson,maluku dan papua,persipura63
721,@Papuan_Insight,nonperson,maluku dan papua,Papuan_Insight
722,@KABUPATENFAKFAK,nonperson,maluku dan papua,KABUPATENFAKFAK
723,@WempiWetipo,person,maluku dan papua,WempiWetipo
724,@DMS_AMBON,nonperson,maluku dan papua,DMS_AMBON
725,@KK_MalukuUtara,nonperson,maluku dan papua,KK_MalukuUtara
727,@BennyWenda,person,maluku dan papua,BennyWenda
728,@goliathtabuni,person,maluku dan papua,goliathtabuni
729,@_AlexHesegem,person,maluku dan papua,_AlexHesegem
730,@LukasEnembe,person,maluku dan papua,LukasEnembe
731,@g_wanimbo,person,maluku dan papua,g_wanimbo
732,@fakfakberkebun,nonperson,maluku dan papua,fakfakberkebun
733,@FakfakMengajar,nonperson,maluku dan papua,FakfakMengajar
734,@HekaLeka,nonperson,maluku dan papua,HekaLeka
735,@RajaAmpatBiz,nonperson,maluku dan papua,RajaAmpatBiz
736,@letsgorajaampat,nonperson,maluku dan papua,letsgorajaampat
737,@RRIPro2Ternate,nonperson,maluku dan papua,RRIPro2Ternate
738,@TernateTourism,nonperson,maluku dan papua,TernateTourism
739,@bemfhunpatti,nonperson,maluku dan papua,bemfhunpatti
740,@hotelgrandabe,nonperson,maluku dan papua,hotelgrandabe
741,@bemfkuncen,nonperson,maluku dan papua,bemfkuncen
742,@Swissbel_Jpr,nonperson,maluku dan papua,Swissbel_Jpr
743,@HorexSentani,nonperson,maluku dan papua,HorexSentani
744,@kabarpapuaco,nonperson,maluku dan papua,kabarpapuaco
745,@papuan_voices,nonperson,maluku dan papua,papuan_voices
746,@jeratpapua,nonperson,maluku dan papua,jeratpapua
747,@bmkgpapua,nonperson,maluku dan papua,bmkgpapua
748,@MediaPapua1,nonperson,maluku dan papua,MediaPapua1
749,@Media_Papua,nonperson,maluku dan papua,Media_Papua
750,@kominfopapua,nonperson,maluku dan papua,kominfopapua
751,@Viking_Papua,nonperson,maluku dan papua,Viking_Papua
752,@MIsezJayapura,nonperson,maluku dan papua,MIsezJayapura
753,@Onaalll,person,maluku dan papua,Onaalll
754,@HmsPoldaPapua,nonperson,maluku dan papua,HmsPoldaPapua
755,@papuachanneltv,nonperson,maluku dan papua,papuachanneltv
756,@MalukuTeras,nonperson,maluku dan papua,MalukuTeras
757,@kconkjayapura,nonperson,maluku dan papua,kconkjayapura
758,@smashblastJAPUR,nonperson,maluku dan papua,smashblastJAPUR
759,@JKT48_Jayapura,nonperson,maluku dan papua,JKT48_Jayapura
760,@ofc_pvjayapura,nonperson,maluku dan papua,ofc_pvjayapura
761,@AremaJayapura,nonperson,maluku dan papua,AremaJayapura
762,@MalukuSatuMedia,nonperson,maluku dan papua,MalukuSatuMedia
763,@nelsonalom90,person,maluku dan papua,nelsonalom90
764,@PERSIPURA_,nonperson,maluku dan papua,PERSIPURA_
765,@PapuaTourism,nonperson,maluku dan papua,PapuaTourism
766,@DidiFabanyo1,person,maluku dan papua,DidiFabanyo1
767,@Malukunews,nonperson,maluku dan papua,Malukunews
768,@keliling_ambon,nonperson,maluku dan papua,keliling_ambon
769,@bin_saidna,person,maluku dan papua,bin_saidna
770,@BasriDamis,person,maluku dan papua,BasriDamis
771,@ambonbisnis,nonperson,maluku dan papua,ambonbisnis
772,@FreeWestPapua,nonperson,maluku dan papua,FreeWestPapua
773,@HRightsWPapua,nonperson,maluku dan papua,HRightsWPapua
774,@MalukuHumRights,nonperson,maluku dan papua,MalukuHumRights
775,@BenyMagal,person,maluku dan papua,BenyMagal
776,@PantauPapua,person,maluku dan papua,PantauPapua
777,@File_Duwitau,person,maluku dan papua,File_Duwitau
778,@ArnoldBelau,person,maluku dan papua,ArnoldBelau
779,@Mulalt_,person,maluku dan papua,Mulalt_
780,@Yance_Yobee,person,maluku dan papua,Yance_Yobee
781,@dimi_adhen,person,maluku dan papua,dimi_adhen
782,@arbimuhammadnur,person,maluku dan papua,arbimuhammadnur
783,@AndiKossay1,person,maluku dan papua,AndiKossay1
784,@AluwisiaW,person,maluku dan papua,AluwisiaW
785,@Brantak29721302,person,maluku dan papua,Brantak29721302
786,@pabika_leka45,person,maluku dan papua,pabika_leka45
787,@w_kobogau,person,maluku dan papua,w_kobogau
788,@PiusKogoya19,person,maluku dan papua,PiusKogoya19
789,@AnakHonai,person,maluku dan papua,AnakHonai
790,@SefaniwiA,person,maluku dan papua,SefaniwiA
791,@Sengsar83885990,person,maluku dan papua,Sengsar83885990
792,@yosepmote4,person,maluku dan papua,yosepmote4
793,@misinnarek17,person,maluku dan papua,misinnarek17
794,@kobak_y,person,maluku dan papua,kobak_y
795,@suhartini_nini,person,maluku dan papua,suhartini_nini
796,@lpmp_malut,nonperson,maluku dan papua,lpmp_malut
797,@lpmpkepri,nonperson,sumatera,lpmpkepri
798,@AstonMakassar,nonperson,sulawesi,AstonMakassar
799,@infoMKSR,nonperson,sulawesi,infoMKSR
800,@MakassarInfo_,nonperson,sulawesi,MakassarInfo_
801,@PramborsMKS,nonperson,sulawesi,PramborsMKS
802,@MIsezGorontalo,nonperson,sulawesi,MIsezGorontalo
803,@MI_sezPALU,nonperson,sulawesi,MI_sezPALU
804,@Humaspolreskota,nonperson,sulawesi,Humaspolreskota
805,@HumasPolairud,nonperson,sulawesi,HumasPolairud
806,@kanwilsulteng,nonperson,sulawesi,kanwilsulteng
807,@LPMP_Sulbar,nonperson,sulawesi,LPMP_Sulbar
808,@paudgto,nonperson,sulawesi,paudgto
809,@Bahasa_Sultra,nonperson,sulawesi,Bahasa_Sultra
810,@BBahasaSulut,nonperson,sulawesi,BBahasaSulut
811,@Arie_Kriting,person,sulawesi,Arie_Kriting
812,@hurufkecil,person,sulawesi,hurufkecil
813,@RadioPLS_mks,nonperson,sulawesi,RadioPLS_mks
814,@PemkotManado,nonperson,sulawesi,PemkotManado
815,@ManadoKota,nonperson,sulawesi,ManadoKota
816,@NetizenManado,nonperson,sulawesi,NetizenManado
817,@SmartFM_Manado,nonperson,sulawesi,SmartFM_Manado
818,@SAHABAT_GTLO,nonperson,sulawesi,SAHABAT_GTLO
819,@KanwilBPNGTLO,nonperson,sulawesi,KanwilBPNGTLO
820,@kanwilbpnsulsel,nonperson,sulawesi,kanwilbpnsulsel
821,@info_bnnkpalu,nonperson,sulawesi,info_bnnkpalu
822,@PSM_Makassar,nonperson,sulawesi,PSM_Makassar
823,@supersyahrir,person,sulawesi,supersyahrir
824,@infoMKS_,nonperson,sulawesi,infoMKS_
825,@emretyyy,person,sulawesi,emretyyy
826,@Tribun_Manado,nonperson,sulawesi,Tribun_Manado
827,@Hmc_Manado,nonperson,sulawesi,Hmc_Manado
828,@PasarLontara,nonperson,sulawesi,PasarLontara
829,@favehotellosari,nonperson,sulawesi,favehotellosari
830,@tn_bunaken,nonperson,sulawesi,tn_bunaken
831,@TSM_Makassar,nonperson,sulawesi,TSM_Makassar
832,@mrmakassar,nonperson,sulawesi,mrmakassar
833,@YMCManado,nonperson,sulawesi,YMCManado
834,@bangzhal_,person,sulawesi,bangzhal_
836,@mks_fess,nonperson,sulawesi,mks_fess
837,@akuusukabobaa_,person,sulawesi,akuusukabobaa_
839,@ridha_sofyan,person,sulawesi,ridha_sofyan
840,@txtdrmks,person,sulawesi,txtdrmks
842,@mitaaoey,person,sulawesi,mitaaoey
843,@ildanrfdilh599,person,sulawesi,ildanrfdilh599
844,@txtsamarinda,nonperson,kalimantan,txtsamarinda
845,@fjrsaif_,person,kalimantan,fjrsaif_
846,@DP_dannypomanto,person,sulawesi,DP_dannypomanto
847,@KonJenMakassar,person,sulawesi,KonJenMakassar
848,@Daeng_Info,nonperson,sulawesi,Daeng_Info
849,@KecMakassar,nonperson,sulawesi,KecMakassar
850,@Syahrul_YL,person,sulawesi,Syahrul_YL
851,@GolkarSulsel,nonperson,sulawesi,GolkarSulsel
852,@nurdinabdullahh,person,sulawesi,nurdinabdullahh
853,@BSN_MAKASSAR,nonperson,sulawesi,BSN_MAKASSAR
854,@Sulselprov,nonperson,sulawesi,Sulselprov
855,@dpc_pdipmks,nonperson,sulawesi,dpc_pdipmks
856,@thamzil,person,sulawesi,thamzil
857,@antaramakassar,nonperson,sulawesi,antaramakassar
858,@BeritaMks,nonperson,sulawesi,BeritaMks
859,@kpu_sulsel,nonperson,sulawesi,kpu_sulsel
860,@hi_sulsel,nonperson,sulawesi,hi_sulsel
861,@BatSulawesi,nonperson,sulawesi,BatSulawesi
862,@myXL_Sulawesi,nonperson,sulawesi,myXL_Sulawesi
863,@IPDNRegSulut,nonperson,sulawesi,IPDNRegSulut
864,@BEMUnhas,nonperson,sulawesi,BEMUnhas
865,@PolresTolitoli,nonperson,sulawesi,PolresTolitoli
866,@beacukaigto,nonperson,sulawesi,beacukaigto
867,@YusdinRukka,person,sulawesi,YusdinRukka
868,@ilsaunhas,nonperson,sulawesi,ilsaunhas
869,@themaczmancom,nonperson,sulawesi,themaczmancom
870,@BEXXASULAWESI,nonperson,sulawesi,BEXXASULAWESI
871,@Sulawesitacom,nonperson,sulawesi,Sulawesitacom
872,@kanwilbpnsultra,nonperson,sulawesi,kanwilbpnsultra
873,@SmashSULTRA,nonperson,sulawesi,SmashSULTRA
874,@BlogTolkien,person,kalimantan,BlogTolkien
875,@kiki_pia,person,sulawesi,kiki_pia
876,@azhary88853559,person,sulawesi,azhary88853559
877,@andi_indink,person,sulawesi,andi_indink
878,@Iccha_JG0182,person,sulawesi,Iccha_JG0182
879,@entez_,person,sulawesi,entez_
880,@Eka_anasri,person,sulawesi,Eka_anasri
881,@IAmKzaan,person,sulawesi,IAmKzaan
882,@srirahayukk,person,sulawesi,srirahayukk
883,@SinagaEdo,person,sulawesi,SinagaEdo
884,@Aldhygunawan_,person,sulawesi,Aldhygunawan_
885,@paudikmasultra,nonperson,sulawesi,paudikmasultra
886,@BBSulsel,nonperson,sulawesi,BBSulsel
887,@khizbul,person,sulawesi,khizbul
888,@medantalk,nonperson,sumatera,medantalk
889,@KoranSinggalang,nonperson,sumatera,KoranSinggalang
890,@InfoPariaman,nonperson,sumatera,InfoPariaman
891,@InfoRanahMinang,nonperson,sumatera,InfoRanahMinang
892,@kabarsumbar_,nonperson,sumatera,kabarsumbar_
893,@SemenpadangFCID,nonperson,sumatera,SemenpadangFCID
894,@SocMedSUMBAR,nonperson,sumatera,SocMedSUMBAR
895,@bukittinggiku,nonperson,sumatera,bukittinggiku
896,@kabaPADANG,nonperson,sumatera,kabaPADANG
897,@infoSumbar,nonperson,sumatera,infoSumbar
898,@minangkabauku,nonperson,sumatera,minangkabauku
899,@BBhsAceh,nonperson,sumatera,BBhsAceh
900,@irwanprayitno,person,sumatera,irwanprayitno
901,@SemenPadang1910,nonperson,sumatera,SemenPadang1910
902,@Humas_Aceh,nonperson,sumatera,Humas_Aceh
903,@kumhamlampung,nonperson,sumatera,kumhamlampung
904,@pemprovsu,nonperson,sumatera,pemprovsu
905,@balaibahasa_su,nonperson,sumatera,balaibahasa_su
906,@bpcb_sumbar,nonperson,sumatera,bpcb_sumbar
907,@kpuprov_sumut,nonperson,sumatera,kpuprov_sumut
908,@IM3OoredooSMTRA,nonperson,sumatera,IM3OoredooSMTRA
909,@tvrisumsel,nonperson,sumatera,tvrisumsel
910,@loker_sumbar,nonperson,sumatera,loker_sumbar
911,@SumateraInfo,nonperson,sumatera,SumateraInfo
912,@lepassripo,nonperson,sumatera,lepassripo
913,@PMISUMSEL,nonperson,sumatera,PMISUMSEL
914,@plnsumut_,nonperson,sumatera,plnsumut_
915,@myXL_Sumatera,nonperson,sumatera,myXL_Sumatera
916,@wisataSumbar,nonperson,sumatera,wisataSumbar
917,@infoSUMSEL,nonperson,sumatera,infoSUMSEL
918,@pr_palembang,nonperson,sumatera,pr_palembang
919,@JCI_Pekanbaru,nonperson,sumatera,JCI_Pekanbaru
920,@tnwaykambas,nonperson,sumatera,tnwaykambas
921,@infoPekanbaru,nonperson,sumatera,infoPekanbaru
922,@riaupos,nonperson,sumatera,riaupos
923,@OllySteven,person,sulawesi,OllySteven
924,@sastranababan,person,sumatera,sastranababan
925,@danieldokter,person,sumatera,danieldokter
926,@sir_amirsyarif,person,sumatera,sir_amirsyarif
927,@ceritamedan,nonperson,sumatera,ceritamedan
928,@tribunmedan,nonperson,sumatera,tribunmedan
929,@zizaonfire,person,sumatera,zizaonfire
930,@bmkgpadangpjg,nonperson,sumatera,bmkgpadangpjg
931,@BstarzmedanOFC,nonperson,sumatera,BstarzmedanOFC
932,@humasbna,nonperson,sumatera,humasbna
933,@wisataacehID,nonperson,sumatera,wisataacehID
934,@bpkpsumsel1,nonperson,sumatera,bpkpsumsel1
935,@BTS_Palembang,nonperson,sumatera,BTS_Palembang
936,@MCSCI_PALEMBANG,nonperson,sumatera,MCSCI_PALEMBANG
937,@LL_Palembang,nonperson,sumatera,LL_Palembang
938,@unsri,nonperson,sumatera,unsri
939,@officialusu_,nonperson,sumatera,officialusu_
940,@HumasUnp,nonperson,sumatera,HumasUnp
941,@walhisumut,nonperson,sumatera,walhisumut
942,@ldiisumbar,nonperson,sumatera,ldiisumbar
943,@BloggerSUMUT,nonperson,sumatera,BloggerSUMUT
944,@bpssumsel,nonperson,sumatera,bpssumsel
945,@MDPcampus,nonperson,sumatera,MDPcampus
946,@blfc_id,nonperson,sumatera,blfc_id
947,@bemkmunand,nonperson,sumatera,bemkmunand
948,@RISET_PALEMBANG,nonperson,sumatera,RISET_PALEMBANG
949,@UnandOfficial,nonperson,sumatera,UnandOfficial
950,@usuofficial,nonperson,sumatera,usuofficial
951,@SumatraCTP,nonperson,sumatera,SumatraCTP
952,@SumatranTigerID,nonperson,sumatera,SumatranTigerID
953,@univ_syiahkuala,nonperson,sumatera,univ_syiahkuala
954,@univ_riau,nonperson,sumatera,univ_riau
955,@official_unila,nonperson,sumatera,official_unila
956,@Univ_Bengkulu,nonperson,sumatera,Univ_Bengkulu
957,@UnimedOfficial,nonperson,sumatera,UnimedOfficial
958,@infoubb,nonperson,sumatera,infoubb
959,@BEM_FE_UBB,nonperson,sumatera,BEM_FE_UBB
960,@azwarsiregar,person,sumatera,azwarsiregar
961,@kantorbhsjambi,nonperson,sumatera,kantorbhsjambi
962,@105kissfmmedan,nonperson,sumatera,105kissfmmedan
963,@InfoPadang_,nonperson,sumatera,InfoPadang_
964,@hmjmesinpolsri,nonperson,sumatera,hmjmesinpolsri
965,@BEM_Poltek_Aceh,nonperson,sumatera,BEM_Poltek_Aceh
966,@abulampanah,person,sumatera,abulampanah
967,@IsmiAmran,person,sumatera,IsmiAmran
968,@persirajaupdate,nonperson,sumatera,persirajaupdate
969,@bolalampung,nonperson,sumatera,bolalampung
970,@nyimaswulandari,person,sumatera,nyimaswulandari
971,@InfoUnand,nonperson,sumatera,InfoUnand
972,@JWMarriottMedan,nonperson,sumatera,JWMarriottMedan
973,@BTS_Medan,nonperson,sumatera,BTS_Medan
974,@andre_rosiade,person,sumatera,andre_rosiade
975,@estranged2009,person,sumatera,estranged2009
976,@PriaMedan3,person,sumatera,PriaMedan3
977,@Cobra67564747,person,sumatera,Cobra67564747
978,@pauddikmassumut,nonperson,sumatera,pauddikmassumut
979,@BalaiBhs_Sumbar,nonperson,sumatera,BalaiBhs_Sumbar
980,@KantorBahasaLpg,nonperson,sumatera,KantorBahasaLpg
981,@LPMP_KepBabel,nonperson,sumatera,LPMP_KepBabel
982,@SB_SUMSEL,nonperson,sumatera,SB_SUMSEL
983,@asadullahghozi,person,jabodetabek,asadullahghozi
984,@ojze,person,sumatera,ojze
985,@___TJ,person,jabodetabek,___TJ
986,@__kucingbetina,person,jawa barat dan banten,__kucingbetina
987,@_andrikurniawan,person,jabodetabek,_andrikurniawan
988,@_AtalarikSyach,person,jabodetabek,_AtalarikSyach
989,@_atikamutiara,person,jabodetabek,_atikamutiara
990,@_BondanPrakoso_,person,jabodetabek,_BondanPrakoso_
991,@_dimsky_,person,jawa tengah dan yogyakarta,_dimsky_
992,@_dwinand,person,jabodetabek,_dwinand
993,@_gibran11,person,jawa tengah dan yogyakarta,_gibran11
994,@_Jafar_AA,person,jabodetabek,_Jafar_AA
995,@_kad_L,person,jawa timur,_kad_L
996,@_leharoy,person,maluku dan papua,_leharoy
997,@_raynwijaya26,person,jabodetabek,_raynwijaya26
998,@_Salim2018_,person,jawa timur,_Salim2018_
999,@_sucilestari,person,jabodetabek,_sucilestari
1000,@007_kamal,person,jabodetabek,007_kamal
1001,@01_budi,person,sumatera,01_budi
1002,@14045archie,person,jabodetabek,14045archie
1003,@15natashawilona,person,jabodetabek,15natashawilona
1004,@1dg4fux,person,jabodetabek,1dg4fux
1005,@29_inastasia,person,jawa barat dan banten,29_inastasia
1006,@4diputra,person,bali dan nusa tenggara,4diputra
1007,@4N4kN4G4,person,jawa barat dan banten,4N4kN4G4
1008,@A_ChristyJKT48,person,jabodetabek,A_ChristyJKT48
1009,@A_DeyJKT48,person,jabodetabek,A_DeyJKT48
1010,@A_FionyJKT48,person,jabodetabek,A_FionyJKT48
1011,@A_GitaJKT48,person,jabodetabek,A_GitaJKT48
1012,@A_Luthfi14,person,sumatera,A_Luthfi14
1013,@a_mantek,person,maluku dan papua,a_mantek
1014,@A_MutheJKT48,person,jabodetabek,A_MutheJKT48
1015,@a_rief13,person,jabodetabek,a_rief13
1016,@A_ZeeJKT48,person,jabodetabek,A_ZeeJKT48
1017,@AA_DeCe,person,jabodetabek,AA_DeCe
1018,@aan__,person,jawa tengah dan yogyakarta,aan__
1019,@AangMunawar21,person,jawa tengah dan yogyakarta,AangMunawar21
1020,@aaurellee,person,jawa tengah dan yogyakarta,aaurellee
1021,@AbdulKharisA,person,jawa tengah dan yogyakarta,AbdulKharisA
1022,@abdurarsyad,person,bali dan nusa tenggara,abdurarsyad
1023,@abidbid,person,jawa tengah dan yogyakarta,abidbid
1024,@abidfzn,person,jawa barat dan banten,abidfzn
1025,@abifajri1453,person,jawa barat dan banten,abifajri1453
1026,@achmad_shafiq,person,sumatera,achmad_shafiq
1027,@achmadzaky,person,jawa tengah dan yogyakarta,achmadzaky
1028,@actbare_,person,jawa timur,actbare_
1029,@adam_ardiansyah,person,jawa timur,adam_ardiansyah
1030,@adeladell,person,sumatera,adeladell
1031,@Adhiewns,person,jawa barat dan banten,Adhiewns
1032,@adhitiasofyan,person,jawa barat dan banten,adhitiasofyan
1033,@AdhyDault,person,sulawesi,AdhyDault
1034,@AdibAje_,person,jawa barat dan banten,AdibAje_
1035,@AdibHidayat,person,jawa tengah dan yogyakarta,AdibHidayat
1036,@adimassapta,person,jawa timur,adimassapta
1037,@adindanvl,person,sumatera,adindanvl
1038,@AdityaIhsan10,person,sumatera,AdityaIhsan10
1039,@adji_g,person,jawa barat dan banten,adji_g
1040,@adninmarwah,person,jawa barat dan banten,adninmarwah
1041,@adoen86,person,sumatera,adoen86
1042,@affandibinhamid,person,sumatera,affandibinhamid
1043,@afifnurc,person,jawa barat dan banten,afifnurc
1044,@AFikardaa,person,sumatera,AFikardaa
1045,@AgathaChelsea18,person,jawa barat dan banten,AgathaChelsea18
1046,@agengantaseno1,person,sumatera,agengantaseno1
1047,@AgiefM,person,sumatera,AgiefM
1048,@AgM_apriliyanti,person,sulawesi,AgM_apriliyanti
1049,@agsdomas,person,sumatera,agsdomas
1050,@agungajiperdna,person,sumatera,agungajiperdna
1051,@agungdst,person,sumatera,agungdst
1052,@agunghercules,person,jawa barat dan banten,agunghercules
1053,@agungnugraha17,person,kalimantan,agungnugraha17
1054,@agungradityasan,person,bali dan nusa tenggara,agungradityasan
1055,@AgunOnly,person,kalimantan,AgunOnly
1056,@Agus_787,person,jawa timur,Agus_787
1057,@agus_salilm,person,kalimantan,agus_salilm
1058,@AgussumantriS,person,sumatera,AgussumantriS
1059,@AgustinCahyani,person,jawa timur,AgustinCahyani
1060,@agustox21,person,sumatera,agustox21
1061,@AgusYudhoyono,person,jawa barat dan banten,AgusYudhoyono
1062,@ahikmatf,person,jawa barat dan banten,ahikmatf
1063,@AHMADDHANIPRAST,person,jawa timur,AHMADDHANIPRAST
1064,@AhmadWigo,person,sumatera,AhmadWigo
1065,@ai_king128,person,maluku dan papua,ai_king128
1066,@aim_ranti,person,sumatera,aim_ranti
1068,@aimanricky,person,jawa barat dan banten,aimanricky
1069,@ainiciebot,person,kalimantan,ainiciebot
1070,@ainssdyh,person,jawa tengah dan yogyakarta,ainssdyh
1071,@ainunnajib,person,jawa timur,ainunnajib
1072,@AiraAl,person,jawa timur,AiraAl
1073,@ajulpi,person,jawa tengah dan yogyakarta,ajulpi
1074,@akbar___,person,jawa timur,akbar___
1075,@AkbarRafs,person,sumatera,AkbarRafs
1076,@akhdaafif,person,jawa tengah dan yogyakarta,akhdaafif
1077,@akhirul_rmd,person,sumatera,akhirul_rmd
1078,@akhyarmose,person,jawa tengah dan yogyakarta,akhyarmose
1079,@Akom2005,person,jawa barat dan banten,Akom2005
1080,@albenft,person,sumatera,albenft
1081,@Albert_Bangun,person,sumatera,Albert_Bangun
1082,@aldiandria,person,sumatera,aldiandria
1083,@aldii_fahreza,person,kalimantan,aldii_fahreza
1084,@aldyreva,person,jawa timur,aldyreva
1085,@alfadillahsony,person,sumatera,alfadillahsony
1086,@AlfatihTimur,person,sumatera,AlfatihTimur
1087,@AlfiRizkyR,person,jawa timur,AlfiRizkyR
1088,@alfrizki_widika,person,sumatera,alfrizki_widika
1089,@alfrzkwidika,person,sumatera,alfrzkwidika
1090,@alfunmart,person,jawa barat dan banten,alfunmart
1091,@Ali_Musri_SP,person,jawa timur,Ali_Musri_SP
1092,@AliMasykurMusa,person,jawa timur,AliMasykurMusa
1093,@aline_adita,person,bali dan nusa tenggara,aline_adita
1094,@AlissaWahid,person,jawa timur,AlissaWahid
1095,@Alivia_Nov,person,jawa barat dan banten,Alivia_Nov
1096,@aliyarajasa,person,jawa barat dan banten,aliyarajasa
1097,@almaaduuriy,person,jawa timur,almaaduuriy
1098,@AltezzaAndhika,person,sumatera,AltezzaAndhika
1099,@Alvaredoo,person,sumatera,Alvaredoo
1100,@AlvinHariman,person,sumatera,AlvinHariman
1101,@alvinlie21,person,jawa tengah dan yogyakarta,alvinlie21
1102,@alyafrcn,person,jawa barat dan banten,alyafrcn
1103,@amalmsc,person,jawa timur,amalmsc
1104,@AmbiyaFirhan,person,sumatera,AmbiyaFirhan
1105,@amelianaris,person,jawa barat dan banten,amelianaris
1106,@aminfadlillah,person,jawa tengah dan yogyakarta,aminfadlillah
1107,@aminollahmimink,person,jawa timur,aminollahmimink
1108,@aminullah_lubis,person,sumatera,aminullah_lubis
1109,@aMrazing,person,kalimantan,aMrazing
1110,@AmriandriA,person,sumatera,AmriandriA
1111,@amrie81587337,person,kalimantan,amrie81587337
1112,@ana_khoz,person,jawa timur,ana_khoz
1113,@Anab_M_B,person,bali dan nusa tenggara,Anab_M_B
1114,@anasurbaningrum,person,jawa timur,anasurbaningrum
1115,@andabron,person,sumatera,andabron
1116,@Andhy_We,person,sumatera,Andhy_We
1117,@andi_achilles,person,jawa timur,andi_achilles
1118,@andi_dirgantara,person,jawa timur,andi_dirgantara
1119,@andiagungka,person,jawa tengah dan yogyakarta,andiagungka
1120,@AndiiPallawa,person,sulawesi,AndiiPallawa
1121,@AndiRachman1960,person,sumatera,AndiRachman1960
1122,@ando_ahmad,person,sumatera,ando_ahmad
1123,@Andreahirata,person,sumatera,Andreahirata
1124,@AndreasNoak,person,bali dan nusa tenggara,AndreasNoak
1125,@AndrianHdynt,person,jawa barat dan banten,AndrianHdynt
1126,@Andrianinsr,person,sumatera,Andrianinsr
1127,@AndrieWongso,person,jawa timur,AndrieWongso
1128,@andringrh,person,jawa barat dan banten,andringrh
1129,@andrinof_a_ch,person,sumatera,andrinof_a_ch
1130,@androgeniuss,person,jawa barat dan banten,androgeniuss
1131,@AndyWibowo_,person,bali dan nusa tenggara,AndyWibowo_
1132,@angewwie,person,jawa timur,angewwie
1133,@AngginaYuni,person,jawa barat dan banten,AngginaYuni
1134,@anggraenisa_,person,jawa barat dan banten,anggraenisa_
1135,@anggunasm,person,jawa timur,anggunasm
1136,@anindyavivi,person,jawa tengah dan yogyakarta,anindyavivi
1137,@AnisaRahma_Adi,person,jawa barat dan banten,AnisaRahma_Adi
1138,@anismatta,person,sulawesi,anismatta
1139,@anissasu_,person,jawa timur,anissasu_
1140,@anitaamerliaa,person,jawa timur,anitaamerliaa
1141,@anjar_wilujeng,person,jawa tengah dan yogyakarta,anjar_wilujeng
1142,@AnjasChambank,person,sulawesi,AnjasChambank
1143,@Annamirg,person,sumatera,Annamirg
1144,@annefachrozie,person,jawa barat dan banten,annefachrozie
1145,@annisapv,person,jawa barat dan banten,annisapv
1146,@anshory72,person,jawa barat dan banten,anshory72
1147,@antioffline_,person,kalimantan,antioffline_
1148,@antoniomaha,person,jawa barat dan banten,antoniomaha
1149,@anwarabdulrojak,person,jawa barat dan banten,anwarabdulrojak
1150,@APITOOO,person,jawa barat dan banten,APITOOO
1151,@aprilianiken,person,kalimantan,aprilianiken
1152,@Aprilianur_27,person,jawa timur,Aprilianur_27
1153,@Aprizaldy,person,sumatera,Aprizaldy
1154,@ArcAchmad,person,sumatera,ArcAchmad
1155,@Ardan__,person,jawa tengah dan yogyakarta,Ardan__
1156,@ardhiantods,person,jawa tengah dan yogyakarta,ardhiantods
1157,@ardinarr,person,jawa tengah dan yogyakarta,ardinarr
1158,@ardyaaW,person,jawa barat dan banten,ardyaaW
1159,@arfisulthani,person,sumatera,arfisulthani
1160,@ariabima99,person,jawa tengah dan yogyakarta,ariabima99
1161,@ariefrachman_h,person,kalimantan,ariefrachman_h
1162,@ArieKuntung,person,jawa tengah dan yogyakarta,ArieKuntung
1163,@arif_brata,person,sulawesi,arif_brata
1164,@ariffsuyono,person,jawa timur,ariffsuyono
1165,@AristoVidiarta,person,sumatera,AristoVidiarta
1166,@ariswaah,person,sumatera,ariswaah
1167,@arkanprdn,person,jawa tengah dan yogyakarta,arkanprdn
1168,@arkatyanta28,person,jawa tengah dan yogyakarta,arkatyanta28
1169,@arkham1818,person,jawa tengah dan yogyakarta,arkham1818
1170,@arm_afiq,person,sumatera,arm_afiq
1171,@armandi89,person,sumatera,armandi89
1172,@armandmaulana,person,jawa barat dan banten,armandmaulana
1173,@arminsunardi,person,bali dan nusa tenggara,arminsunardi
1174,@Arnaz_Asa,person,jawa timur,Arnaz_Asa
1175,@ArnoldPoernomo,person,jawa timur,ArnoldPoernomo
1176,@arshere,person,sumatera,arshere
1177,@arsul_sani,person,jawa tengah dan yogyakarta,arsul_sani
1178,@ArsyaShabrina,person,sumatera,ArsyaShabrina
1179,@arukkun,person,sumatera,arukkun
1180,@AryadiDismiss,person,bali dan nusa tenggara,AryadiDismiss
1181,@aryosantetuko,person,jawa barat dan banten,aryosantetuko
1182,@as_nyaku,person,jawa barat dan banten,as_nyaku
1183,@naufalirfandi,person,jawa tengah dan yogyakarta,naufalirfandi
1184,@NaufalZaky77,person,jawa tengah dan yogyakarta,NaufalZaky77
1185,@ndari_wae,person,jawa tengah dan yogyakarta,ndari_wae
1186,@Ndayatur,person,jawa timur,Ndayatur
1187,@NdraWah,person,jawa timur,NdraWah
1188,@nesyanl,person,jawa barat dan banten,nesyanl
1189,@ngiqiq,person,kalimantan,ngiqiq
1190,@nikkujin,person,sulawesi,nikkujin
1191,@nilamsaridee,person,jawa tengah dan yogyakarta,nilamsaridee
1192,@nimikiilhim,person,jawa barat dan banten,nimikiilhim
1193,@nisaturns,person,jawa barat dan banten,nisaturns
1194,@nita_nit24,person,maluku dan papua,nita_nit24
1195,@nixon_civil,person,bali dan nusa tenggara,nixon_civil
1196,@NizaPuspitaArim,person,jawa timur,NizaPuspitaArim
1197,@nmdhrifah,person,jawa barat dan banten,nmdhrifah
1198,@nnnycbr,person,sumatera,nnnycbr
1199,@nonosampono,person,maluku dan papua,nonosampono
1200,@noviaanggraini5,person,sumatera,noviaanggraini5
1201,@novianto_eko,person,jawa tengah dan yogyakarta,novianto_eko
1202,@noviza_amelia,person,jawa timur,noviza_amelia
1203,@NowelaIDOL8,person,maluku dan papua,NowelaIDOL8
1204,@NStevani,person,sulawesi,NStevani
1205,@ntykertawijaya,person,sumatera,ntykertawijaya
1206,@nugraha23__,person,sumatera,nugraha23__
1207,@nuratna_,person,bali dan nusa tenggara,nuratna_
1208,@Nurazmip98,person,jawa tengah dan yogyakarta,Nurazmip98
1209,@nurdintmpubolon,person,sumatera,nurdintmpubolon
1210,@NuriiDM_,person,kalimantan,NuriiDM_
1211,@nurilFS_,person,jawa timur,nurilFS_
1212,@nurulbdryh,person,sumatera,nurulbdryh
1213,@eurosian2k,person,bali dan nusa tenggara,eurosian2k
1214,@krisnawan45,person,bali dan nusa tenggara,krisnawan45
1216,@ikomangberata,person,bali dan nusa tenggara,ikomangberata
1217,@nyamplunk25,person,bali dan nusa tenggara,nyamplunk25
1218,@putu64,person,bali dan nusa tenggara,putu64
1219,@aguswidiadaa,person,bali dan nusa tenggara,aguswidiadaa
1220,@lpradnyawanto,person,bali dan nusa tenggara,lpradnyawanto
1221,@giriprasta_bdg1,person,bali dan nusa tenggara,giriprasta_bdg1
1222,@DediMetrawan1,person,bali dan nusa tenggara,DediMetrawan1
1223,@rdpatera,person,bali dan nusa tenggara,rdpatera
1224,@donatkotak,person,bali dan nusa tenggara,donatkotak
1225,@satryadede,person,bali dan nusa tenggara,satryadede
1226,@m_ikhwanulmus,person,bali dan nusa tenggara,m_ikhwanulmus
1227,@wikkend,person,bali dan nusa tenggara,wikkend
1228,@wiraasatya,person,bali dan nusa tenggara,wiraasatya
1229,@anyta_browniezt,person,bali dan nusa tenggara,anyta_browniezt
1230,@madetirtasari,person,bali dan nusa tenggara,madetirtasari
1231,@desakkrystina,person,bali dan nusa tenggara,desakkrystina
1232,@moon9rock,person,bali dan nusa tenggara,moon9rock
1233,@naif_primus,person,bali dan nusa tenggara,naif_primus
1234,@primus_naiaki,person,bali dan nusa tenggara,primus_naiaki
1235,@BetaFlobamorata,person,bali dan nusa tenggara,BetaFlobamorata
1236,@Penuhcurhatan,person,bali dan nusa tenggara,Penuhcurhatan
1237,@kiko_henuk,person,bali dan nusa tenggara,kiko_henuk
1238,@ybire,person,bali dan nusa tenggara,ybire
1239,@atnisay,person,bali dan nusa tenggara,atnisay
1240,@erlinda_mimi,person,bali dan nusa tenggara,erlinda_mimi
1241,@antoboleng_,person,bali dan nusa tenggara,antoboleng_
1242,@lebahireng,person,bali dan nusa tenggara,lebahireng
1243,@ndvwq,person,bali dan nusa tenggara,ndvwq
1244,@heri_tere,person,bali dan nusa tenggara,heri_tere
1245,@Abriyanto_F,person,bali dan nusa tenggara,Abriyanto_F
1246,@tie_1701,person,bali dan nusa tenggara,tie_1701
1247,@LMT_New2021,person,bali dan nusa tenggara,LMT_New2021
1248,@nmmw_l,person,bali dan nusa tenggara,nmmw_l
1249,@ilhamdhi,person,bali dan nusa tenggara,ilhamdhi
1250,@Kopibideng,person,bali dan nusa tenggara,Kopibideng
1251,@incess_juli99,person,jawa barat dan banten,incess_juli99
1252,@Awanthehow,person,jawa barat dan banten,Awanthehow
1253,@widhaRP,person,jawa barat dan banten,widhaRP
1254,@nurshe,person,jawa barat dan banten,nurshe
1255,@altaresh__,person,jawa barat dan banten,altaresh__
1257,@Superbsaiyan,person,jawa barat dan banten,Superbsaiyan
1258,@daudayey,person,jawa barat dan banten,daudayey
1259,@DimasAHongBulat,person,jawa barat dan banten,DimasAHongBulat
1260,@fshddq,person,jawa barat dan banten,fshddq
1261,@medi15_,person,jawa barat dan banten,medi15_
1263,@aisyahpmbd,person,jawa tengah dan yogyakarta,aisyahpmbd
1264,@Naufal_N23,person,jawa tengah dan yogyakarta,Naufal_N23
1265,@vorstennlanden,person,jawa tengah dan yogyakarta,vorstennlanden
1266,@hood_good,person,jawa tengah dan yogyakarta,hood_good
1267,@Onyekcuuu,person,jawa tengah dan yogyakarta,Onyekcuuu
1268,@RomeSyahri,person,jawa tengah dan yogyakarta,RomeSyahri
1269,@supritongg,person,jawa tengah dan yogyakarta,supritongg
1270,@why_ngsh,person,jawa tengah dan yogyakarta,why_ngsh
1272,@kagita__,person,jawa tengah dan yogyakarta,kagita__
1273,@werrymilleniaa,person,jawa tengah dan yogyakarta,werrymilleniaa
1274,@stupididpid,person,jawa tengah dan yogyakarta,stupididpid
1275,@prwttymiselfff,person,jawa tengah dan yogyakarta,prwttymiselfff
1276,@ovali1956,person,jawa tengah dan yogyakarta,ovali1956
1278,@Idanaza1,person,jawa tengah dan yogyakarta,Idanaza1
1279,@shepiaaa_,person,jawa tengah dan yogyakarta,shepiaaa_
1280,@ArfiPrayoga,person,jawa tengah dan yogyakarta,ArfiPrayoga
1281,@AriantooPratama,person,jawa tengah dan yogyakarta,AriantooPratama
1282,@notcleanacc,person,jawa tengah dan yogyakarta,notcleanacc
1283,@naddiza,person,jawa tengah dan yogyakarta,naddiza
1284,@_maaharani,person,jawa tengah dan yogyakarta,_maaharani
1285,@hadyna57,person,jawa tengah dan yogyakarta,hadyna57
1286,@Arkobumen,person,jawa tengah dan yogyakarta,Arkobumen
1287,@crushnyactc,person,jawa tengah dan yogyakarta,crushnyactc
1288,@txtdrmasdusun,person,jawa tengah dan yogyakarta,txtdrmasdusun
1289,@fachmiza,person,jawa tengah dan yogyakarta,fachmiza
1290,@mahoni___,person,jawa tengah dan yogyakarta,mahoni___
1291,@yoggggggggggg,person,jawa tengah dan yogyakarta,yoggggggggggg
1292,@nurlailmulya_,person,jawa tengah dan yogyakarta,nurlailmulya_
1293,@esoensamid,person,jawa tengah dan yogyakarta,esoensamid
1294,@limatigaaaa,person,jawa tengah dan yogyakarta,limatigaaaa
1296,@akubctbgtt,person,jawa tengah dan yogyakarta,akubctbgtt
1297,@mbambaindomart,person,jawa tengah dan yogyakarta,mbambaindomart
1298,@imanimandaaa,person,jawa tengah dan yogyakarta,imanimandaaa
1299,@MisbahKhudin_,person,jawa tengah dan yogyakarta,MisbahKhudin_
1300,@linna1195,person,jawa tengah dan yogyakarta,linna1195
1301,@perangbatinn,person,jawa tengah dan yogyakarta,perangbatinn
1302,@mbaakhalu,person,jawa tengah dan yogyakarta,mbaakhalu
1303,@foreveryo0ne,person,jawa timur,foreveryo0ne
1304,@octapiatri_,person,jawa timur,octapiatri_
1305,@azizulhanifah16,person,jawa timur,azizulhanifah16
1306,@Choirunnv,person,jawa timur,Choirunnv
1307,@ekopurnomo346,person,jawa timur,ekopurnomo346
1308,@sandyyags,person,jawa timur,sandyyags
1309,@Mbonnkoclok,person,jawa timur,Mbonnkoclok
1310,@arfi_mft,person,jawa timur,arfi_mft
1311,@KarrimaNailul,person,jawa timur,KarrimaNailul
1312,@_hunnybunny___,person,jawa timur,_hunnybunny___
1313,@tiffany_liuu,person,jawa timur,tiffany_liuu
1314,@ichaOrigami,person,jawa timur,ichaOrigami
1315,@pencolaja,person,jawa timur,pencolaja
1316,@irgifaresy,person,jawa timur,irgifaresy
1317,@juneeykaa,person,jawa timur,juneeykaa
1318,@Vaksinboy,person,jawa timur,Vaksinboy
1319,@999uap,person,jawa timur,999uap
1320,@iiitsurbooiii,person,jawa timur,iiitsurbooiii
1321,@fathoniofficial,person,jawa timur,fathoniofficial
1322,@lesekhebak,person,jawa timur,lesekhebak
1323,@heiexposure,person,jawa timur,heiexposure
1324,@aldaniarmdhn_,person,jawa timur,aldaniarmdhn_
1325,@coffeebeannn_,person,jawa timur,coffeebeannn_
1326,@frdhaamalia,person,jawa timur,frdhaamalia
1327,@ptriavia,person,jawa timur,ptriavia
1328,@levazya,person,jawa timur,levazya
1329,@femfitr_,person,jawa timur,femfitr_
1330,@diresett,person,jawa timur,diresett
1331,@localwisdom_,person,jawa timur,localwisdom_
1332,@carisahmad,person,jawa timur,carisahmad
1333,@pussmeaw,person,jawa timur,pussmeaw
1334,@imedmundodiaz,person,jawa timur,imedmundodiaz
1335,@zaada92,person,jawa timur,zaada92
1337,@MSowy99,person,maluku dan papua,MSowy99
1338,@itha_welan,person,maluku dan papua,itha_welan
1339,@andriees,person,maluku dan papua,andriees
1340,@dolmahand,person,maluku dan papua,dolmahand
1341,@Valdinho74,person,maluku dan papua,Valdinho74
1342,@adn_afandi,person,maluku dan papua,adn_afandi
1343,@tanpoaran67,person,maluku dan papua,tanpoaran67
1344,@Andri95392909,person,maluku dan papua,Andri95392909
1345,@rar84tm,person,maluku dan papua,rar84tm
1346,@kadodamate,person,maluku dan papua,kadodamate
1347,@lekopr,person,maluku dan papua,lekopr
1348,@inyormain,person,maluku dan papua,inyormain
1349,@JeckyWelikin,person,maluku dan papua,JeckyWelikin
1350,@wbudiprasetyo,person,maluku dan papua,wbudiprasetyo
1351,@dododid_,person,maluku dan papua,dododid_
1352,@OctoS9,person,maluku dan papua,OctoS9
1353,@puniel3,person,maluku dan papua,puniel3
1354,@Journaldi,person,maluku dan papua,Journaldi
1355,@putrikaviani19,person,maluku dan papua,putrikaviani19
1356,@HaniAngelita,person,maluku dan papua,HaniAngelita
1357,@alilhurricanee,person,maluku dan papua,alilhurricanee
1358,@WilliamYoku,person,maluku dan papua,WilliamYoku
1359,@LParirie,person,maluku dan papua,LParirie
1360,@ManjaruniMaryo,person,maluku dan papua,ManjaruniMaryo
1361,@Harlyfer,person,maluku dan papua,Harlyfer
1362,@MerVy_MG,person,maluku dan papua,MerVy_MG
1363,@Feri_Husain,person,sulawesi,Feri_Husain
1364,@zubair_buhang,person,sulawesi,zubair_buhang
1365,@RamadianySaskia,person,sulawesi,RamadianySaskia
1366,@andriica29,person,sulawesi,andriica29
1367,@rinaldysantoso,person,sulawesi,rinaldysantoso
1368,@Basran_Basir,person,sulawesi,Basran_Basir
1369,@Nofeeyy87,person,sulawesi,Nofeeyy87
1370,@pajejeri,person,sulawesi,pajejeri
1371,@R_Perkasa,person,sulawesi,R_Perkasa
1372,@itzfixy,person,sulawesi,itzfixy
1373,@DaengNug,person,sulawesi,DaengNug
1374,@9ziza9,person,sulawesi,9ziza9
1375,@IdwinDjamaludd3,person,sulawesi,IdwinDjamaludd3
1376,@Hariaangga,person,sulawesi,Hariaangga
1377,@mynameismals_,person,sulawesi,mynameismals_
1378,@aira_yuliana,person,sulawesi,aira_yuliana
1379,@UnethSahureka,person,sulawesi,UnethSahureka
1380,@sciarnti,person,sulawesi,sciarnti
1382,@Fazabungaz,person,kalimantan,Fazabungaz
1383,@surishanum,person,kalimantan,surishanum
1384,@pumpyumpiumkinn,person,kalimantan,pumpyumpiumkinn
1386,@224_ofmeee,person,kalimantan,224_ofmeee
1387,@ahmdlna,person,kalimantan,ahmdlna
1388,@filterblackx,person,kalimantan,filterblackx
1389,@je4lousie,person,kalimantan,je4lousie
1390,@heiJe_,person,kalimantan,heiJe_
1391,@imracun,person,kalimantan,imracun
1392,@Fadhill_Hakim,person,kalimantan,Fadhill_Hakim
1393,@Malafucktaka,person,kalimantan,Malafucktaka
1394,@uroldsport,person,kalimantan,uroldsport
1395,@azwar_rayearth,person,kalimantan,azwar_rayearth
1396,@smyhpns,person,sumatera,smyhpns
1397,@haryazid,person,sumatera,haryazid
1398,@RumahMakanPD,person,sumatera,RumahMakanPD
1399,@Padakek,person,sumatera,Padakek
1400,@tetaplahidupp,person,sumatera,tetaplahidupp
1401,@sadtanick,person,sumatera,sadtanick
1402,@SurbaktiJosia,person,sumatera,SurbaktiJosia
1403,@agekurniawan9,person,sumatera,agekurniawan9
1404,@Chalil_az,person,sumatera,Chalil_az
1405,@rahmadsaifulhs,person,sumatera,rahmadsaifulhs
1406,@omdibmo,person,sumatera,omdibmo
1407,@Ristananda_,person,sumatera,Ristananda_
