username,isaPerson,userLocation,screen_name,user.screen_name,Lvalue
@detiksport,nonperson,jabodetabek,detiksport,detiksport,1
@westinbali,nonperson,bali dan nusa tenggara,westinbali,westinbali,0
@bemfkuncen,nonperson,maluku dan papua,bemfkuncen,bemfkuncen,6
@abulampanah,person,sumatera,abulampanah,abulampanah,8
@DeusBali,nonperson,bali dan nusa tenggara,DeusBali,DeusBali,0
@clsknights,nonperson,jawa timur,clsknights,clsknights,4
@AdityaIhsan10,person,sumatera,AdityaIhsan10,AdityaIhsan10,8
@irgifaresy,person,jawa timur,irgifaresy,irgifaresy,4
@29_inastasia,person,jawa barat dan banten,29_inastasia,29_inastasia,2
@AliMasykurMusa,person,jawa timur,AliMasykurMusa,AliMasykurMusa,4
@hood_good,person,jawa tengah dan yogyakarta,hood_good,hood_good,3
@desa_cibuyur,nonperson,jawa tengah dan yogyakarta,desa_cibuyur,desa_cibuyur,3
@ndari_wae,person,jawa tengah dan yogyakarta,ndari_wae,ndari_wae,3
@AHMADDHANIPRAST,person,jawa timur,AHMADDHANIPRAST,AHMADDHANIPRAST,4
@itzfixy,person,sulawesi,itzfixy,itzfixy,7
@DanarSN,person,kalimantan,DanarSN,DanarSN,5
@ceritamedan,nonperson,sumatera,ceritamedan,ceritamedan,8
@UnethSahureka,person,sulawesi,UnethSahureka,UnethSahureka,7
@unisa_yogya,nonperson,jawa tengah dan yogyakarta,unisa_yogya,unisa_yogya,3
@indieguerillas,person,jawa tengah dan yogyakarta,indieguerillas,indieguerillas,3
@DPD_PDIP_JATENG,nonperson,jawa tengah dan yogyakarta,DPD_PDIP_JATENG,DPD_PDIP_JATENG,3
@WhatsNewJakarta,nonperson,jabodetabek,WhatsNewJakarta,WhatsNewJakarta,1
@GKRHayu,person,jawa tengah dan yogyakarta,GKRHayu,GKRHayu,3
@emiliaNV,person,jabodetabek,emiliaNV,emiliaNV,1
@dpc_pdipmks,nonperson,sulawesi,dpc_pdipmks,dpc_pdipmks,7
@SH_Jateng,nonperson,jawa tengah dan yogyakarta,SH_Jateng,SH_Jateng,3
@PemkotMalang,nonperson,jawa timur,PemkotMalang,PemkotMalang,4
@DanyBeler,person,jabodetabek,DanyBeler,DanyBeler,1
@infosurabaya,nonperson,jawa timur,infosurabaya,infosurabaya,4
@DepokTownSquare,nonperson,jabodetabek,DepokTownSquare,DepokTownSquare,1
@A_FionyJKT48,person,jabodetabek,A_FionyJKT48,A_FionyJKT48,1
@ana_khoz,person,jawa timur,ana_khoz,ana_khoz,4
@kpu_pacitan,nonperson,jawa timur,kpu_pacitan,kpu_pacitan,4
@wisataSumbar,nonperson,sumatera,wisataSumbar,wisataSumbar,8
@myXL_Sumatera,nonperson,sumatera,myXL_Sumatera,myXL_Sumatera,8
@AdibHidayat,person,jawa tengah dan yogyakarta,AdibHidayat,AdibHidayat,3
@banjarmasinpost,nonperson,kalimantan,banjarmasinpost,banjarmasinpost,5
@beritajatimcom,nonperson,jawa timur,beritajatimcom,beritajatimcom,4
@BaliUtd,nonperson,bali dan nusa tenggara,BaliUtd,BaliUtd,0
@FSBali,nonperson,bali dan nusa tenggara,FSBali,FSBali,0
@999uap,person,jawa timur,999uap,999uap,4
@BasriDamis,person,maluku dan papua,BasriDamis,BasriDamis,6
@ptriavia,person,jawa timur,ptriavia,ptriavia,4
@AndiiPallawa,person,sulawesi,AndiiPallawa,AndiiPallawa,7
@mbambaindomart,person,jawa tengah dan yogyakarta,mbambaindomart,mbambaindomart,3
@14045archie,person,jabodetabek,14045archie,14045archie,1
@yosepmote4,person,maluku dan papua,yosepmote4,yosepmote4,6
@UnikaAtmaJaya,nonperson,jabodetabek,UnikaAtmaJaya,UnikaAtmaJaya,1
@angklungudjo,nonperson,jawa barat dan banten,angklungudjo,angklungudjo,2
@akubctbgtt,person,jawa tengah dan yogyakarta,akubctbgtt,akubctbgtt,3
@coffeebeannn_,person,jawa timur,coffeebeannn_,coffeebeannn_,4
@loproadventures,nonperson,jawa timur,loproadventures,loproadventures,4
@abifajri1453,person,jawa barat dan banten,abifajri1453,abifajri1453,2
@minangkabauku,nonperson,sumatera,minangkabauku,minangkabauku,8
@PemkotSmg,nonperson,jawa tengah dan yogyakarta,PemkotSmg,PemkotSmg,3
@Tribun_Jabar,nonperson,jawa barat dan banten,Tribun_Jabar,Tribun_Jabar,2
@HaidarMusyafa,person,jawa tengah dan yogyakarta,HaidarMusyafa,HaidarMusyafa,3
@Perserang1958,nonperson,jawa barat dan banten,Perserang1958,Perserang1958,2
@RISET_PALEMBANG,nonperson,sumatera,RISET_PALEMBANG,RISET_PALEMBANG,8
@doktermarket,nonperson,jabodetabek,doktermarket,doktermarket,1
@daudayey,person,jawa barat dan banten,daudayey,daudayey,2
@sastranababan,person,sumatera,sastranababan,sastranababan,8
@JakartaBNI46,nonperson,jabodetabek,JakartaBNI46,JakartaBNI46,1
@nurdinabdullahh,person,sulawesi,nurdinabdullahh,nurdinabdullahh,7
@HumasPolairud,nonperson,sulawesi,HumasPolairud,HumasPolairud,7
@mitaaoey,person,sulawesi,mitaaoey,mitaaoey,7
@KPLISemarang,nonperson,jawa tengah dan yogyakarta,KPLISemarang,KPLISemarang,3
@litarianti,person,bali dan nusa tenggara,litarianti,litarianti,0
@JNE_Blitar,nonperson,jawa timur,JNE_Blitar,JNE_Blitar,4
@humasjateng,nonperson,jawa tengah dan yogyakarta,humasjateng,humasjateng,3
@infoPontianak,nonperson,kalimantan,infoPontianak,infoPontianak,5
@PandaMadu_05,person,jawa barat dan banten,PandaMadu_05,PandaMadu_05,2
@arm_afiq,person,sumatera,arm_afiq,arm_afiq,8
@ahmadirfaan_,person,jabodetabek,ahmadirfaan_,ahmadirfaan_,1
@Madrid_IndoPWT,nonperson,jawa tengah dan yogyakarta,Madrid_IndoPWT,Madrid_IndoPWT,3
@MiraeAssetID,nonperson,jabodetabek,MiraeAssetID,MiraeAssetID,1
@KemFazHas,person,jawa tengah dan yogyakarta,KemFazHas,KemFazHas,3
@meliniacaca,person,jawa tengah dan yogyakarta,meliniacaca,meliniacaca,3
@AangMunawar21,person,jawa tengah dan yogyakarta,AangMunawar21,AangMunawar21,3
@bkpd_jabar,nonperson,jawa barat dan banten,bkpd_jabar,bkpd_jabar,2
@ridha_sofyan,person,sulawesi,ridha_sofyan,ridha_sofyan,7
@satpolppjabar,nonperson,jawa barat dan banten,satpolppjabar,satpolppjabar,2
@bimautamajabar,nonperson,jawa barat dan banten,bimautamajabar,bimautamajabar,2
@infolombok,nonperson,bali dan nusa tenggara,infolombok,infolombok,0
@naif_primus,person,bali dan nusa tenggara,naif_primus,naif_primus,0
@KPUKuningan,nonperson,jawa barat dan banten,KPUKuningan,KPUKuningan,2
@BetaFlobamorata,person,bali dan nusa tenggara,BetaFlobamorata,BetaFlobamorata,0
@bmkgpapua,nonperson,maluku dan papua,bmkgpapua,bmkgpapua,6
@ThePapandayan,nonperson,jawa barat dan banten,ThePapandayan,ThePapandayan,2
@Koja_RSUD,nonperson,jabodetabek,Koja_RSUD,Koja_RSUD,1
@riaupos,nonperson,sumatera,riaupos,riaupos,8
@tiffany_liuu,person,jawa timur,tiffany_liuu,tiffany_liuu,4
@MahasiswaAE,nonperson,jawa timur,MahasiswaAE,MahasiswaAE,4
@buahfresh17,nonperson,jawa tengah dan yogyakarta,buahfresh17,buahfresh17,3
@cosbylarsons,person,kalimantan,cosbylarsons,cosbylarsons,5
@SadanaAgungS,person,jawa tengah dan yogyakarta,SadanaAgungS,SadanaAgungS,3
@rar84tm,person,maluku dan papua,rar84tm,rar84tm,6
@hotelindigobali,nonperson,bali dan nusa tenggara,hotelindigobali,hotelindigobali,0
@mahananda_,person,bali dan nusa tenggara,mahananda_,mahananda_,0
@bappedasemarang,nonperson,jawa tengah dan yogyakarta,bappedasemarang,bappedasemarang,3
@humasbna,nonperson,sumatera,humasbna,humasbna,8
@kpu_sulsel,nonperson,sulawesi,kpu_sulsel,kpu_sulsel,7
@Sayuko2,person,kalimantan,Sayuko2,Sayuko2,5
@TrafficJakarta,person,jabodetabek,TrafficJakarta,TrafficJakarta,1
@Kopibideng,person,bali dan nusa tenggara,Kopibideng,Kopibideng,0
@nesyanl,person,jawa barat dan banten,nesyanl,nesyanl,2
@SapawargaSby,nonperson,jawa timur,SapawargaSby,SapawargaSby,4
@Eka_anasri,person,sulawesi,Eka_anasri,Eka_anasri,7
@AstonKuta,nonperson,bali dan nusa tenggara,AstonKuta,AstonKuta,0
@astondenpasarID,nonperson,bali dan nusa tenggara,astondenpasarID,astondenpasarID,0
@NTTbersuara,nonperson,bali dan nusa tenggara,NTTbersuara,NTTbersuara,0
@andringrh,person,jawa barat dan banten,andringrh,andringrh,2
@InfoRanahMinang,nonperson,sumatera,InfoRanahMinang,InfoRanahMinang,8
@Bimantara25,person,bali dan nusa tenggara,Bimantara25,Bimantara25,0
@dr_dip,person,jabodetabek,dr_dip,dr_dip,1
@localwisdom_,person,jawa timur,localwisdom_,localwisdom_,4
@akucantikkkID,person,bali dan nusa tenggara,akucantikkkID,akucantikkkID,0
@ArfiPrayoga,person,jawa tengah dan yogyakarta,ArfiPrayoga,ArfiPrayoga,3
@RumahMakanPD,person,sumatera,RumahMakanPD,RumahMakanPD,8
@pojokpendidikan,nonperson,jawa barat dan banten,pojokpendidikan,pojokpendidikan,2
@cakasana,person,jawa timur,cakasana,cakasana,4
@pikiran_rakyat,nonperson,jawa barat dan banten,pikiran_rakyat,pikiran_rakyat,2
@bpskalteng,nonperson,kalimantan,bpskalteng,bpskalteng,5
@BerandaJogja,nonperson,jawa tengah dan yogyakarta,BerandaJogja,BerandaJogja,3
@OdedMD,person,jawa barat dan banten,OdedMD,OdedMD,2
@khizbul,person,sulawesi,khizbul,khizbul,7
@StandUpGarut,nonperson,jawa barat dan banten,StandUpGarut,StandUpGarut,2
@ldfebui,person,jabodetabek,ldfebui,ldfebui,1
@uu_ruzhanul,person,jawa barat dan banten,uu_ruzhanul,uu_ruzhanul,2
@tifsembiring,person,jabodetabek,tifsembiring,tifsembiring,1
@JRadio917FM,nonperson,kalimantan,JRadio917FM,JRadio917FM,5
@anasurbaningrum,person,jawa timur,anasurbaningrum,anasurbaningrum,4
@muhmudrek,person,jabodetabek,muhmudrek,muhmudrek,1
@DediMulyadi71,person,jawa barat dan banten,DediMulyadi71,DediMulyadi71,2
@Aldhygunawan_,person,sulawesi,Aldhygunawan_,Aldhygunawan_,7
@BCLiciousKlmtan,nonperson,kalimantan,BCLiciousKlmtan,BCLiciousKlmtan,5
@Fazabungaz,person,kalimantan,Fazabungaz,Fazabungaz,5
@Kaltim123,nonperson,kalimantan,Kaltim123,Kaltim123,5
@AnimalFriendsYK,nonperson,jawa tengah dan yogyakarta,AnimalFriendsYK,AnimalFriendsYK,3
@zizaonfire,person,sumatera,zizaonfire,zizaonfire,8
@blitar_bersatu,nonperson,jawa timur,blitar_bersatu,blitar_bersatu,4
@achmadzaky,person,jawa tengah dan yogyakarta,achmadzaky,achmadzaky,3
@erwinramdani93,person,jawa barat dan banten,erwinramdani93,erwinramdani93,2
@bangzhal_,person,sulawesi,bangzhal_,bangzhal_,7
@tn_bunaken,nonperson,sulawesi,tn_bunaken,tn_bunaken,7
@CampusBoys1976,nonperson,jawa tengah dan yogyakarta,CampusBoys1976,CampusBoys1976,3
@wisataacehID,nonperson,sumatera,wisataacehID,wisataacehID,8
@ianhutomo,person,jabodetabek,ianhutomo,ianhutomo,1
@OllySteven,person,sulawesi,OllySteven,OllySteven,7
@artjog,nonperson,jawa tengah dan yogyakarta,artjog,artjog,3
@BloggerSUMUT,nonperson,sumatera,BloggerSUMUT,BloggerSUMUT,8
@NewsJatim,nonperson,jawa timur,NewsJatim,NewsJatim,4
@denpasarviral_,nonperson,bali dan nusa tenggara,denpasarviral_,denpasarviral_,0
@SoyMpieth,person,jawa timur,SoyMpieth,SoyMpieth,4
@hotelgrandabe,nonperson,maluku dan papua,hotelgrandabe,hotelgrandabe,6
@dprdjawabarat,nonperson,jawa barat dan banten,dprdjawabarat,dprdjawabarat,2
@UnimedOfficial,nonperson,sumatera,UnimedOfficial,UnimedOfficial,8
@MNCBandung,nonperson,jawa barat dan banten,MNCBandung,MNCBandung,2
@veanarvian,person,jawa timur,veanarvian,veanarvian,4
@KantorBhsMalut,nonperson,maluku dan papua,KantorBhsMalut,KantorBhsMalut,6
@Lab1_FHUP,nonperson,jabodetabek,Lab1_FHUP,Lab1_FHUP,1
@poltekbangsby,nonperson,jawa timur,poltekbangsby,poltekbangsby,4
@aisyahpmbd,person,jawa tengah dan yogyakarta,aisyahpmbd,aisyahpmbd,3
@BeritaMks,nonperson,sulawesi,BeritaMks,BeritaMks,7
@bank_jateng,nonperson,jawa tengah dan yogyakarta,bank_jateng,bank_jateng,3
@Rs_Tugurejo,nonperson,jawa tengah dan yogyakarta,Rs_Tugurejo,Rs_Tugurejo,3
@irwanprayitno,person,sumatera,irwanprayitno,irwanprayitno,8
@putbagusaditya,person,bali dan nusa tenggara,putbagusaditya,putbagusaditya,0
@emretyyy,person,sulawesi,emretyyy,emretyyy,7
@AgusYudhoyono,person,jawa barat dan banten,AgusYudhoyono,AgusYudhoyono,2
@Ind_Mengajar,nonperson,jabodetabek,Ind_Mengajar,Ind_Mengajar,1
@ikomangberata,person,bali dan nusa tenggara,ikomangberata,ikomangberata,0
@hurufkecil,person,sulawesi,hurufkecil,hurufkecil,7
@ritzcarltonbali,nonperson,bali dan nusa tenggara,ritzcarltonbali,ritzcarltonbali,0
@adindanvl,person,sumatera,adindanvl,adindanvl,8
@AremafcOfficial,nonperson,jawa timur,AremafcOfficial,AremafcOfficial,4
@ManadoKota,nonperson,sulawesi,ManadoKota,ManadoKota,7
@WisataMalam_BNS,nonperson,jawa timur,WisataMalam_BNS,WisataMalam_BNS,4
@soundofpapua,nonperson,maluku dan papua,soundofpapua,soundofpapua,6
@BSN_MAKASSAR,nonperson,sulawesi,BSN_MAKASSAR,BSN_MAKASSAR,7
@vorstennlanden,person,jawa tengah dan yogyakarta,vorstennlanden,vorstennlanden,3
@gilbhas,person,jabodetabek,gilbhas,gilbhas,1
@salpriadi_,person,jawa timur,salpriadi_,salpriadi_,4
@ArieKuntung,person,jawa tengah dan yogyakarta,ArieKuntung,ArieKuntung,3
@InfoPadang_,nonperson,sumatera,InfoPadang_,InfoPadang_,8
@achmad_shafiq,person,sumatera,achmad_shafiq,achmad_shafiq,8
@adji_g,person,jawa barat dan banten,adji_g,adji_g,2
@lpmp_malut,nonperson,maluku dan papua,lpmp_malut,lpmp_malut,6
@itha_welan,person,maluku dan papua,itha_welan,itha_welan,6
@perekonomianjbr,nonperson,jawa barat dan banten,perekonomianjbr,perekonomianjbr,2
@A_ChristyJKT48,person,jabodetabek,A_ChristyJKT48,A_ChristyJKT48,1
@ptabpptri,nonperson,jabodetabek,ptabpptri,ptabpptri,1
@ilhamdhi,person,bali dan nusa tenggara,ilhamdhi,ilhamdhi,0
@yona_banjar,person,kalimantan,yona_banjar,yona_banjar,5
@supersyahrir,person,sulawesi,supersyahrir,supersyahrir,7
@linna1195,person,jawa tengah dan yogyakarta,linna1195,linna1195,3
@xtianjing,person,jawa tengah dan yogyakarta,xtianjing,xtianjing,3
@Gamal_Albinsaid,person,jawa timur,Gamal_Albinsaid,Gamal_Albinsaid,4
@arfi_mft,person,jawa timur,arfi_mft,arfi_mft,4
@afifnurc,person,jawa barat dan banten,afifnurc,afifnurc,2
@9ziza9,person,sulawesi,9ziza9,9ziza9,7
@beckhamputran,person,jawa barat dan banten,beckhamputran,beckhamputran,2
@JWMarriottMedan,nonperson,sumatera,JWMarriottMedan,JWMarriottMedan,8
@Beritabalicom,nonperson,bali dan nusa tenggara,Beritabalicom,Beritabalicom,0
@TRANSluxuryHTL,nonperson,jawa barat dan banten,TRANSluxuryHTL,TRANSluxuryHTL,2
@inyormain,person,maluku dan papua,inyormain,inyormain,6
@annefachrozie,person,jawa barat dan banten,annefachrozie,annefachrozie,2
@abidbid,person,jawa tengah dan yogyakarta,abidbid,abidbid,3
@ShangriLaSUB,nonperson,jawa timur,ShangriLaSUB,ShangriLaSUB,4
@APITOOO,person,jawa barat dan banten,APITOOO,APITOOO,2
@nyimaswulandari,person,sumatera,nyimaswulandari,nyimaswulandari,8
@USConGenSby,nonperson,jawa timur,USConGenSby,USConGenSby,4
@Ndayatur,person,jawa timur,Ndayatur,Ndayatur,4
@ahikmatf,person,jawa barat dan banten,ahikmatf,ahikmatf,2
@A_GitaJKT48,person,jabodetabek,A_GitaJKT48,A_GitaJKT48,1
@bpcb_sumbar,nonperson,sumatera,bpcb_sumbar,bpcb_sumbar,8
@lirajtm,nonperson,jawa timur,lirajtm,lirajtm,4
@TVRIKALTIM_,nonperson,kalimantan,TVRIKALTIM_,TVRIKALTIM_,5
@official_unila,nonperson,sumatera,official_unila,official_unila,8
@BalaiBhs_Sumbar,nonperson,sumatera,BalaiBhs_Sumbar,BalaiBhs_Sumbar,8
@perogeremmer,person,jabodetabek,perogeremmer,perogeremmer,1
@Malafucktaka,person,kalimantan,Malafucktaka,Malafucktaka,5
@dr_Aldi18,person,jawa timur,dr_Aldi18,dr_Aldi18,4
@pemkabsidoarjo2,nonperson,jawa timur,pemkabsidoarjo2,pemkabsidoarjo2,4
@Instakalsel,nonperson,kalimantan,Instakalsel,Instakalsel,5
@Aprizaldy,person,sumatera,Aprizaldy,Aprizaldy,8
@ponxx2020papua,nonperson,maluku dan papua,ponxx2020papua,ponxx2020papua,6
@AstonMakassar,nonperson,sulawesi,AstonMakassar,AstonMakassar,7
@aprilianiken,person,kalimantan,aprilianiken,aprilianiken,5
@PMIJawaTengah,nonperson,jawa tengah dan yogyakarta,PMIJawaTengah,PMIJawaTengah,3
@dprdkotasmg,nonperson,jawa tengah dan yogyakarta,dprdkotasmg,dprdkotasmg,3
@infoFKY,nonperson,jawa tengah dan yogyakarta,infoFKY,infoFKY,3
@vjbeben,person,kalimantan,vjbeben,vjbeben,5
@infoSumbar,nonperson,sumatera,infoSumbar,infoSumbar,8
@nnnycbr,person,sumatera,nnnycbr,nnnycbr,8
@Anab_M_B,person,bali dan nusa tenggara,Anab_M_B,Anab_M_B,0
@JCI_Pekanbaru,nonperson,sumatera,JCI_Pekanbaru,JCI_Pekanbaru,8
@klubbunga,nonperson,jawa timur,klubbunga,klubbunga,4
@MDPcampus,nonperson,sumatera,MDPcampus,MDPcampus,8
@KPIDJateng,nonperson,jawa tengah dan yogyakarta,KPIDJateng,KPIDJateng,3
@bapendajatim,nonperson,jawa timur,bapendajatim,bapendajatim,4
@emansulaemannas,person,jabodetabek,emansulaemannas,emansulaemannas,1
@hidatulfikri,person,jabodetabek,hidatulfikri,hidatulfikri,1
@aldiandria,person,sumatera,aldiandria,aldiandria,8
@bemkmunmul,nonperson,kalimantan,bemkmunmul,bemkmunmul,5
@alfadillahsony,person,sumatera,alfadillahsony,alfadillahsony,8
@SurbaktiJosia,person,sumatera,SurbaktiJosia,SurbaktiJosia,8
@HmsPoldaPapua,nonperson,maluku dan papua,HmsPoldaPapua,HmsPoldaPapua,6
@TokopediaCare,nonperson,jabodetabek,TokopediaCare,TokopediaCare,1
@BBSulsel,nonperson,sulawesi,BBSulsel,BBSulsel,7
@irwancihuy,person,jabodetabek,irwancihuy,irwancihuy,1
@incess_juli99,person,jawa barat dan banten,incess_juli99,incess_juli99,2
@kumhamlampung,nonperson,sumatera,kumhamlampung,kumhamlampung,8
@noviza_amelia,person,jawa timur,noviza_amelia,noviza_amelia,4
@omdibmo,person,sumatera,omdibmo,omdibmo,8
@Feri_Husain,person,sulawesi,Feri_Husain,Feri_Husain,7
@claralistyaD,person,bali dan nusa tenggara,claralistyaD,claralistyaD,0
@tribunmedan,nonperson,sumatera,tribunmedan,tribunmedan,8
@humasbatan,nonperson,jabodetabek,humasbatan,humasbatan,1
@persikfckediri,nonperson,jawa timur,persikfckediri,persikfckediri,4
@Arkobumen,person,jawa tengah dan yogyakarta,Arkobumen,Arkobumen,3
@bptdjabar,nonperson,jawa barat dan banten,bptdjabar,bptdjabar,2
@4diputra,person,bali dan nusa tenggara,4diputra,4diputra,0
@sandyyags,person,jawa timur,sandyyags,sandyyags,4
@smyhpns,person,sumatera,smyhpns,smyhpns,8
@_Salim2018_,person,jawa timur,_Salim2018_,_Salim2018_,4
@ppid_smr,nonperson,kalimantan,ppid_smr,ppid_smr,5
@ofc_pvjayapura,nonperson,maluku dan papua,ofc_pvjayapura,ofc_pvjayapura,6
@heiJe_,person,kalimantan,heiJe_,heiJe_,5
@jsatyawira,person,bali dan nusa tenggara,jsatyawira,jsatyawira,0
@AbdulKharisA,person,jawa tengah dan yogyakarta,AbdulKharisA,AbdulKharisA,3
@ErsaTriWahyuni,person,jawa barat dan banten,ErsaTriWahyuni,ErsaTriWahyuni,2
@lpptvrintb,nonperson,bali dan nusa tenggara,lpptvrintb,lpptvrintb,0
@alilhurricanee,person,maluku dan papua,alilhurricanee,alilhurricanee,6
@AhmadWigo,person,sumatera,AhmadWigo,AhmadWigo,8
@lepassripo,nonperson,sumatera,lepassripo,lepassripo,8
@_AlexHesegem,person,maluku dan papua,_AlexHesegem,_AlexHesegem,6
@BanggaSurabaya,nonperson,jawa timur,BanggaSurabaya,BanggaSurabaya,4
@SAHABAT_GTLO,nonperson,sulawesi,SAHABAT_GTLO,SAHABAT_GTLO,7
@ilhamituiam,person,kalimantan,ilhamituiam,ilhamituiam,5
@EM_UBOfficial,nonperson,jawa timur,EM_UBOfficial,EM_UBOfficial,4
@andriica29,person,sulawesi,andriica29,andriica29,7
@disdik_bandung,nonperson,jawa barat dan banten,disdik_bandung,disdik_bandung,2
@SemenpadangFCID,nonperson,sumatera,SemenpadangFCID,SemenpadangFCID,8
@LAF_Jogja,nonperson,jawa tengah dan yogyakarta,LAF_Jogja,LAF_Jogja,3
@itbofficial,nonperson,jawa barat dan banten,itbofficial,itbofficial,2
@KukuhYEA,person,jawa barat dan banten,KukuhYEA,KukuhYEA,2
@BeritaPapua,nonperson,maluku dan papua,BeritaPapua,BeritaPapua,6
@LPDP_RI,nonperson,jabodetabek,LPDP_RI,LPDP_RI,1
@BaliHotelsAssn,nonperson,bali dan nusa tenggara,BaliHotelsAssn,BaliHotelsAssn,0
@fakfakberkebun,nonperson,maluku dan papua,fakfakberkebun,fakfakberkebun,6
@KoranSinggalang,nonperson,sumatera,KoranSinggalang,KoranSinggalang,8
@KemenkesRI,nonperson,jabodetabek,KemenkesRI,KemenkesRI,1
@dokter_prima,person,jabodetabek,dokter_prima,dokter_prima,1
@PSG_KalTIm,nonperson,kalimantan,PSG_KalTIm,PSG_KalTIm,5
@Standupindo_cmh,nonperson,jawa barat dan banten,Standupindo_cmh,Standupindo_cmh,2
@peransampingan,person,jawa tengah dan yogyakarta,peransampingan,peransampingan,3
@ainunnajib,person,jawa timur,ainunnajib,ainunnajib,4
@akhyarmose,person,jawa tengah dan yogyakarta,akhyarmose,akhyarmose,3
@kagita__,person,jawa tengah dan yogyakarta,kagita__,kagita__,3
@Fadhill_Hakim,person,kalimantan,Fadhill_Hakim,Fadhill_Hakim,5
@01_budi,person,sumatera,01_budi,01_budi,8
@AriefRohman_838,person,jawa tengah dan yogyakarta,AriefRohman_838,AriefRohman_838,3
@die_samawa80,person,bali dan nusa tenggara,die_samawa80,die_samawa80,0
@siriiusssss,person,jawa tengah dan yogyakarta,siriiusssss,siriiusssss,3
@gadiiing,person,jabodetabek,gadiiing,gadiiing,1
@pln_ntt,nonperson,bali dan nusa tenggara,pln_ntt,pln_ntt,0
@adhunlee,person,jabodetabek,adhunlee,adhunlee,1
@nimikiilhim,person,jawa barat dan banten,nimikiilhim,nimikiilhim,2
@disporaparjtg,nonperson,jawa tengah dan yogyakarta,disporaparjtg,disporaparjtg,3
@pauddikmassumut,nonperson,sumatera,pauddikmassumut,pauddikmassumut,8
@bolalampung,nonperson,sumatera,bolalampung,bolalampung,8
@abdurarsyad,person,bali dan nusa tenggara,abdurarsyad,abdurarsyad,0
@arlan_osa,person,jawa timur,arlan_osa,arlan_osa,4
@BhayangkaraFC,nonperson,jawa tengah dan yogyakarta,BhayangkaraFC,BhayangkaraFC,3
@atnisay,person,bali dan nusa tenggara,atnisay,atnisay,0
@surishanum,person,kalimantan,surishanum,surishanum,5
@unescojakarta,nonperson,jabodetabek,unescojakarta,unescojakarta,1
@ardinarr,person,jawa tengah dan yogyakarta,ardinarr,ardinarr,3
@dishut_jatim,nonperson,jawa timur,dishut_jatim,dishut_jatim,4
@Hanungbramantyo,person,jawa tengah dan yogyakarta,Hanungbramantyo,Hanungbramantyo,3
@DitlantasMaluku,nonperson,maluku dan papua,DitlantasMaluku,DitlantasMaluku,6
@kconkjayapura,nonperson,maluku dan papua,kconkjayapura,kconkjayapura,6
@InvestorKalem,person,jawa barat dan banten,InvestorKalem,InvestorKalem,2
@wakilbupatipml,person,jawa tengah dan yogyakarta,wakilbupatipml,wakilbupatipml,3
@PSM_Makassar,nonperson,sulawesi,PSM_Makassar,PSM_Makassar,7
@hrhbali,nonperson,bali dan nusa tenggara,hrhbali,hrhbali,0
@FutsalJateng,nonperson,jawa tengah dan yogyakarta,FutsalJateng,FutsalJateng,3
@eigeradventure,nonperson,jawa barat dan banten,eigeradventure,eigeradventure,2
@bemkm_ugm,nonperson,jawa tengah dan yogyakarta,bemkm_ugm,bemkm_ugm,3
@alvinlie21,person,jawa tengah dan yogyakarta,alvinlie21,alvinlie21,3
@AzamRaharjo,person,jawa tengah dan yogyakarta,AzamRaharjo,AzamRaharjo,3
@pmijabar,nonperson,jawa barat dan banten,pmijabar,pmijabar,2
@punapitabanan,nonperson,bali dan nusa tenggara,punapitabanan,punapitabanan,0
@FakfakMengajar,nonperson,maluku dan papua,FakfakMengajar,FakfakMengajar,6
@bandung_goid,nonperson,jawa barat dan banten,bandung_goid,bandung_goid,2
@mbaakhalu,person,jawa tengah dan yogyakarta,mbaakhalu,mbaakhalu,3
@Moektito,person,jawa timur,Moektito,Moektito,4
@mrmakassar,nonperson,sulawesi,mrmakassar,mrmakassar,7
@GresikUtd,nonperson,jawa timur,GresikUtd,GresikUtd,4
@AristoVidiarta,person,sumatera,AristoVidiarta,AristoVidiarta,8
@SmashblstJATIM,nonperson,jawa timur,SmashblstJATIM,SmashblstJATIM,4
@papuachanneltv,nonperson,maluku dan papua,papuachanneltv,papuachanneltv,6
@224_ofmeee,person,kalimantan,224_ofmeee,224_ofmeee,5
@Sengsar83885990,person,maluku dan papua,Sengsar83885990,Sengsar83885990,6
@iyoaden,person,jabodetabek,iyoaden,iyoaden,1
@orangutan_COP,nonperson,kalimantan,orangutan_COP,orangutan_COP,5
@OfficialPersika,nonperson,jawa barat dan banten,OfficialPersika,OfficialPersika,2
@kadodamate,person,maluku dan papua,kadodamate,kadodamate,6
@aldyreva,person,jawa timur,aldyreva,aldyreva,4
@AluwisiaW,person,maluku dan papua,AluwisiaW,AluwisiaW,6
@YMCManado,nonperson,sulawesi,YMCManado,YMCManado,7
@NdraWah,person,jawa timur,NdraWah,NdraWah,4
@BaliNational,nonperson,bali dan nusa tenggara,BaliNational,BaliNational,0
@belloarda,person,bali dan nusa tenggara,belloarda,belloarda,0
@baliairports,nonperson,bali dan nusa tenggara,baliairports,baliairports,0
@AmriandriA,person,sumatera,AmriandriA,AmriandriA,8
@ColonyHotelBali,nonperson,bali dan nusa tenggara,ColonyHotelBali,ColonyHotelBali,0
@bukittinggiku,nonperson,sumatera,bukittinggiku,bukittinggiku,8
@BAPENGDA_JATIM,nonperson,jawa timur,BAPENGDA_JATIM,BAPENGDA_JATIM,4
@AlfatihTimur,person,sumatera,AlfatihTimur,AlfatihTimur,8
@walhikalsel,nonperson,kalimantan,walhikalsel,walhikalsel,5
@A_ZeeJKT48,person,jabodetabek,A_ZeeJKT48,A_ZeeJKT48,1
@fadlizon,person,jabodetabek,fadlizon,fadlizon,1
@wbudiprasetyo,person,maluku dan papua,wbudiprasetyo,wbudiprasetyo,6
@PasarLontara,nonperson,sulawesi,PasarLontara,PasarLontara,7
@Kidholic_Blitar,nonperson,jawa timur,Kidholic_Blitar,Kidholic_Blitar,4
@bappedajabar,nonperson,jawa barat dan banten,bappedajabar,bappedajabar,2
@UtdIndonesiaBDG,nonperson,jawa barat dan banten,UtdIndonesiaBDG,UtdIndonesiaBDG,2
@adeladell,person,sumatera,adeladell,adeladell,8
@Youthssfm,nonperson,jawa timur,Youthssfm,Youthssfm,4
@BASAbali,nonperson,bali dan nusa tenggara,BASAbali,BASAbali,0
@nuicemedia,nonperson,jabodetabek,nuicemedia,nuicemedia,1
@AgunOnly,person,kalimantan,AgunOnly,AgunOnly,5
@Wulangan,person,jawa tengah dan yogyakarta,Wulangan,Wulangan,3
@mardiasih,person,jawa tengah dan yogyakarta,mardiasih,mardiasih,3
@_atikamutiara,person,jabodetabek,_atikamutiara,_atikamutiara,1
@sandhikagalih,person,jawa barat dan banten,sandhikagalih,sandhikagalih,2
@fathoniofficial,person,jawa timur,fathoniofficial,fathoniofficial,4
@unisbaofficial,nonperson,jawa barat dan banten,unisbaofficial,unisbaofficial,2
@MNCTrijayaJogja,nonperson,jawa tengah dan yogyakarta,MNCTrijayaJogja,MNCTrijayaJogja,3
@ipbofficial,nonperson,jabodetabek,ipbofficial,ipbofficial,1
@WilliamYoku,person,maluku dan papua,WilliamYoku,WilliamYoku,6
@iiitsurbooiii,person,jawa timur,iiitsurbooiii,iiitsurbooiii,4
@srirahayukk,person,sulawesi,srirahayukk,srirahayukk,7
@Vikingkalsell,nonperson,kalimantan,Vikingkalsell,Vikingkalsell,5
@balimarinedive,nonperson,bali dan nusa tenggara,balimarinedive,balimarinedive,0
@andi_dirgantara,person,jawa timur,andi_dirgantara,andi_dirgantara,4
@Yance_Yobee,person,maluku dan papua,Yance_Yobee,Yance_Yobee,6
@kokoramadanto,person,kalimantan,kokoramadanto,kokoramadanto,5
@netijenbali,nonperson,bali dan nusa tenggara,netijenbali,netijenbali,0
@AsiAfricaMuseum,nonperson,jawa barat dan banten,AsiAfricaMuseum,AsiAfricaMuseum,2
@MardaniAliSera,person,jabodetabek,MardaniAliSera,MardaniAliSera,1
@dodon_jerry,person,kalimantan,dodon_jerry,dodon_jerry,5
@climax_ao,nonperson,jawa timur,climax_ao,climax_ao,4
@persisofficial,nonperson,jawa tengah dan yogyakarta,persisofficial,persisofficial,3
@KoranKaltimcom,nonperson,kalimantan,KoranKaltimcom,KoranKaltimcom,5
@perpusub,nonperson,jawa timur,perpusub,perpusub,4
@PramborsMKS,nonperson,sulawesi,PramborsMKS,PramborsMKS,7
@KompasTV_PTK,nonperson,kalimantan,KompasTV_PTK,KompasTV_PTK,5
@wowbanten,person,jawa barat dan banten,wowbanten,wowbanten,2
@DMS_AMBON,nonperson,maluku dan papua,DMS_AMBON,DMS_AMBON,6
@BisnisId_Malang,nonperson,jawa timur,BisnisId_Malang,BisnisId_Malang,4
@kiko_henuk,person,bali dan nusa tenggara,kiko_henuk,kiko_henuk,0
@satryadede,person,bali dan nusa tenggara,satryadede,satryadede,0
@SabraniBran,person,kalimantan,SabraniBran,SabraniBran,5
@angklungMuhibah,nonperson,jawa barat dan banten,angklungMuhibah,angklungMuhibah,2
@bloggerkalsel,nonperson,kalimantan,bloggerkalsel,bloggerkalsel,5
@nmmw_l,person,bali dan nusa tenggara,nmmw_l,nmmw_l,0
@beINSPORTSid,nonperson,jabodetabek,beINSPORTSid,beINSPORTSid,1
@bandungpy,nonperson,jawa barat dan banten,bandungpy,bandungpy,2
@kantorbhsjambi,nonperson,sumatera,kantorbhsjambi,kantorbhsjambi,8
@w_kobogau,person,maluku dan papua,w_kobogau,w_kobogau,6
@sir_amirsyarif,person,sumatera,sir_amirsyarif,sir_amirsyarif,8
@HorexSentani,nonperson,maluku dan papua,HorexSentani,HorexSentani,6
@SemenPadang1910,nonperson,sumatera,SemenPadang1910,SemenPadang1910,8
@letsgorajaampat,nonperson,maluku dan papua,letsgorajaampat,letsgorajaampat,6
@wisatasemarang,nonperson,jawa tengah dan yogyakarta,wisatasemarang,wisatasemarang,3
@ArcAchmad,person,sumatera,ArcAchmad,ArcAchmad,8
@infombg,nonperson,bali dan nusa tenggara,infombg,infombg,0
@AnisaRahma_Adi,person,jawa barat dan banten,AnisaRahma_Adi,AnisaRahma_Adi,2
@PerkebunanJabar,nonperson,jawa barat dan banten,PerkebunanJabar,PerkebunanJabar,2
@PiusKogoya19,person,maluku dan papua,PiusKogoya19,PiusKogoya19,6
@MerVy_MG,person,maluku dan papua,MerVy_MG,MerVy_MG,6
@andrinof_a_ch,person,sumatera,andrinof_a_ch,andrinof_a_ch,8
@ambonbisnis,nonperson,maluku dan papua,ambonbisnis,ambonbisnis,6
@ppiacid,nonperson,jawa timur,ppiacid,ppiacid,4
@aan__,person,jawa tengah dan yogyakarta,aan__,aan__,3
@wita_desandri,person,jabodetabek,wita_desandri,wita_desandri,1
@ConversationIDN,nonperson,jabodetabek,ConversationIDN,ConversationIDN,1
@DidiFabanyo1,person,maluku dan papua,DidiFabanyo1,DidiFabanyo1,6
@KhofifahIP,person,jawa timur,KhofifahIP,KhofifahIP,4
@ciptaseni,nonperson,jabodetabek,ciptaseni,ciptaseni,1
@anindyavivi,person,jawa tengah dan yogyakarta,anindyavivi,anindyavivi,3
@latiefpingsan,person,bali dan nusa tenggara,latiefpingsan,latiefpingsan,0
@Onaalll,person,maluku dan papua,Onaalll,Onaalll,6
@AdibAje_,person,jawa barat dan banten,AdibAje_,AdibAje_,2
@ArianasIndo,nonperson,jabodetabek,ArianasIndo,ArianasIndo,1
@unpad,nonperson,jawa barat dan banten,unpad,unpad,2
@dt_djpjateng1,nonperson,jawa tengah dan yogyakarta,dt_djpjateng1,dt_djpjateng1,3
@dolmahand,person,maluku dan papua,dolmahand,dolmahand,6
@ESDMJateng,nonperson,jawa tengah dan yogyakarta,ESDMJateng,ESDMJateng,3
@www_endhy_xyz,person,bali dan nusa tenggara,www_endhy_xyz,www_endhy_xyz,0
@infoBMKGMaluku,nonperson,maluku dan papua,infoBMKGMaluku,infoBMKGMaluku,6
@DinkominfoBlora,nonperson,jawa tengah dan yogyakarta,DinkominfoBlora,DinkominfoBlora,3
@NowelaIDOL8,person,maluku dan papua,NowelaIDOL8,NowelaIDOL8,6
@HaniAngelita,person,maluku dan papua,HaniAngelita,HaniAngelita,6
@pikobar_jabar,nonperson,jawa barat dan banten,pikobar_jabar,pikobar_jabar,2
@agus_salilm,person,kalimantan,agus_salilm,agus_salilm,5
@suhartini_nini,person,maluku dan papua,suhartini_nini,suhartini_nini,6
@agustox21,person,sumatera,agustox21,agustox21,8
@_dimsky_,person,jawa tengah dan yogyakarta,_dimsky_,_dimsky_,3
@ajulpi,person,jawa tengah dan yogyakarta,ajulpi,ajulpi,3
@AiraAl,person,jawa timur,AiraAl,AiraAl,4
@acara_bali,nonperson,bali dan nusa tenggara,acara_bali,acara_bali,0
@MCSCI_PALEMBANG,nonperson,sumatera,MCSCI_PALEMBANG,MCSCI_PALEMBANG,8
@republikaonline,nonperson,jabodetabek,republikaonline,republikaonline,1
@RRIPro2Ternate,nonperson,maluku dan papua,RRIPro2Ternate,RRIPro2Ternate,6
@aminollahmimink,person,jawa timur,aminollahmimink,aminollahmimink,4
@UB_Official,nonperson,jawa timur,UB_Official,UB_Official,4
@alyafrcn,person,jawa barat dan banten,alyafrcn,alyafrcn,2
@VidiesBandung,nonperson,jawa barat dan banten,VidiesBandung,VidiesBandung,2
@alwaysCiGi,nonperson,kalimantan,alwaysCiGi,alwaysCiGi,5
@PolresTolitoli,nonperson,sulawesi,PolresTolitoli,PolresTolitoli,7
@arshere,person,sumatera,arshere,arshere,8
@SefaniwiA,person,maluku dan papua,SefaniwiA,SefaniwiA,6
@prwttymiselfff,person,jawa tengah dan yogyakarta,prwttymiselfff,prwttymiselfff,3
@Kuliner_Bandung,nonperson,jawa barat dan banten,Kuliner_Bandung,Kuliner_Bandung,2
@AnurandhaJogja,person,jawa tengah dan yogyakarta,AnurandhaJogja,AnurandhaJogja,3
@lesekhebak,person,jawa timur,lesekhebak,lesekhebak,4
@WestJavaCoffee,nonperson,jawa barat dan banten,WestJavaCoffee,WestJavaCoffee,2
@waterbombali,nonperson,bali dan nusa tenggara,waterbombali,waterbombali,0
@UPNVY_Official,nonperson,jawa tengah dan yogyakarta,UPNVY_Official,UPNVY_Official,3
@AdhyDault,person,sulawesi,AdhyDault,AdhyDault,7
@CityHype_Bali,nonperson,bali dan nusa tenggara,CityHype_Bali,CityHype_Bali,0
@a_rief13,person,jabodetabek,a_rief13,a_rief13,1
@fransiscusario,person,jawa timur,fransiscusario,fransiscusario,4
@rahmadsaifulhs,person,sumatera,rahmadsaifulhs,rahmadsaifulhs,8
@Cobra67564747,person,sumatera,Cobra67564747,Cobra67564747,8
@erlinda_mimi,person,bali dan nusa tenggara,erlinda_mimi,erlinda_mimi,0
@PMI_Surabaya,nonperson,jawa timur,PMI_Surabaya,PMI_Surabaya,4
@_BondanPrakoso_,person,jabodetabek,_BondanPrakoso_,_BondanPrakoso_,1
@visitsemarang,nonperson,jawa tengah dan yogyakarta,visitsemarang,visitsemarang,3
@Media_Papua,nonperson,maluku dan papua,Media_Papua,Media_Papua,6
@bpbd_pmk,nonperson,jawa timur,bpbd_pmk,bpbd_pmk,4
@PoldaJogja,nonperson,jawa tengah dan yogyakarta,PoldaJogja,PoldaJogja,3
@P3MD_Papua,nonperson,maluku dan papua,P3MD_Papua,P3MD_Papua,6
@walhi_kalteng,nonperson,kalimantan,walhi_kalteng,walhi_kalteng,5
@ZakyZakOriginal,person,bali dan nusa tenggara,ZakyZakOriginal,ZakyZakOriginal,0
@yusuf_ch,person,jawa tengah dan yogyakarta,yusuf_ch,yusuf_ch,3
@putu64,person,bali dan nusa tenggara,putu64,putu64,0
@KarrimaNailul,person,jawa timur,KarrimaNailul,KarrimaNailul,4
@TamanMekarsari,nonperson,jawa barat dan banten,TamanMekarsari,TamanMekarsari,2
@exploreeastjava,nonperson,jawa timur,exploreeastjava,exploreeastjava,4
@hmfundip,nonperson,jawa tengah dan yogyakarta,hmfundip,hmfundip,3
@MarcellSiahaan,person,jabodetabek,MarcellSiahaan,MarcellSiahaan,1
@bemfhunpatti,nonperson,maluku dan papua,bemfhunpatti,bemfhunpatti,6
@IFI_Sby,nonperson,jawa timur,IFI_Sby,IFI_Sby,4
@bin_saidna,person,maluku dan papua,bin_saidna,bin_saidna,6
@yudhakhel,person,jabodetabek,yudhakhel,yudhakhel,1
@abdulazizlufti8,person,jawa barat dan banten,abdulazizlufti8,abdulazizlufti8,2
@angewwie,person,jawa timur,angewwie,angewwie,4
@A_MutheJKT48,person,jabodetabek,A_MutheJKT48,A_MutheJKT48,1
@sman5bdg,nonperson,jawa barat dan banten,sman5bdg,sman5bdg,2
@BpbdkabTuban,nonperson,jawa timur,BpbdkabTuban,BpbdkabTuban,4
@Idanaza1,person,jawa tengah dan yogyakarta,Idanaza1,Idanaza1,3
@UinWSofficial,nonperson,jawa tengah dan yogyakarta,UinWSofficial,UinWSofficial,3
@NttBawaslu,nonperson,bali dan nusa tenggara,NttBawaslu,NttBawaslu,0
@TelUniversity,nonperson,jawa barat dan banten,TelUniversity,TelUniversity,2
@ManjaruniMaryo,person,maluku dan papua,ManjaruniMaryo,ManjaruniMaryo,6
@zaada92,person,jawa timur,zaada92,zaada92,4
@FreePapua,nonperson,maluku dan papua,FreePapua,FreePapua,6
@IPDNRegSulut,nonperson,sulawesi,IPDNRegSulut,IPDNRegSulut,7
@initiaraandini,person,jabodetabek,initiaraandini,initiaraandini,1
@MIsezJayapura,nonperson,maluku dan papua,MIsezJayapura,MIsezJayapura,6
@Journaldi,person,maluku dan papua,Journaldi,Journaldi,6
@Bekasiberkebun,nonperson,jabodetabek,Bekasiberkebun,Bekasiberkebun,1
@HARRISMalang,nonperson,jawa timur,HARRISMalang,HARRISMalang,4
@rsudmargono,nonperson,jawa tengah dan yogyakarta,rsudmargono,rsudmargono,3
@affandibinhamid,person,sumatera,affandibinhamid,affandibinhamid,8
@allhotelbali,nonperson,bali dan nusa tenggara,allhotelbali,allhotelbali,0
@madetirtasari,person,bali dan nusa tenggara,madetirtasari,madetirtasari,0
@File_Duwitau,person,maluku dan papua,File_Duwitau,File_Duwitau,6
@aMrazing,person,kalimantan,aMrazing,aMrazing,5
@PriaMedan3,person,sumatera,PriaMedan3,PriaMedan3,8
@pussmeaw,person,jawa timur,pussmeaw,pussmeaw,4
@AbdulHafizhRA,person,jawa barat dan banten,AbdulHafizhRA,AbdulHafizhRA,2
@BennyWenda,person,maluku dan papua,BennyWenda,BennyWenda,6
@agsdomas,person,sumatera,agsdomas,agsdomas,8
@ainiciebot,person,kalimantan,ainiciebot,ainiciebot,5
@WRIIndonesia,nonperson,jabodetabek,WRIIndonesia,WRIIndonesia,1
@edyporwanto02,person,kalimantan,edyporwanto02,edyporwanto02,5
@Harian_Jogja,person,jawa tengah dan yogyakarta,Harian_Jogja,Harian_Jogja,3
@NizaPuspitaArim,person,jawa timur,NizaPuspitaArim,NizaPuspitaArim,4
@IDWanderlust,nonperson,jawa barat dan banten,IDWanderlust,IDWanderlust,2
@fosilkaliber,nonperson,kalimantan,fosilkaliber,fosilkaliber,5
@MSowy99,person,maluku dan papua,MSowy99,MSowy99,6
@Andri95392909,person,maluku dan papua,Andri95392909,Andri95392909,6
@THEBALIBIBLE,nonperson,bali dan nusa tenggara,THEBALIBIBLE,THEBALIBIBLE,0
@pertaminaborneo,nonperson,kalimantan,pertaminaborneo,pertaminaborneo,5
@_hunnybunny___,person,jawa timur,_hunnybunny___,_hunnybunny___,4
@bemkmunand,nonperson,sumatera,bemkmunand,bemkmunand,8
@PSGC_Ciamis,nonperson,jawa barat dan banten,PSGC_Ciamis,PSGC_Ciamis,2
@ekopurnomo346,person,jawa timur,ekopurnomo346,ekopurnomo346,4
@R_Perkasa,person,sulawesi,R_Perkasa,R_Perkasa,7
@antioffline_,person,kalimantan,antioffline_,antioffline_,5
@MitraKukar,nonperson,kalimantan,MitraKukar,MitraKukar,5
@redlight_wear,nonperson,jabodetabek,redlight_wear,redlight_wear,1
@_maaharani,person,jawa tengah dan yogyakarta,_maaharani,_maaharani,3
@JogjaSoftware,nonperson,jawa tengah dan yogyakarta,JogjaSoftware,JogjaSoftware,3
@VisitJawaTengah,nonperson,jawa tengah dan yogyakarta,VisitJawaTengah,VisitJawaTengah,3
@nmdhrifah,person,jawa barat dan banten,nmdhrifah,nmdhrifah,2
@arif_brata,person,sulawesi,arif_brata,arif_brata,7
@ntykertawijaya,person,sumatera,ntykertawijaya,ntykertawijaya,8
@Sukirman_Kir,person,jawa tengah dan yogyakarta,Sukirman_Kir,Sukirman_Kir,3
@antonybudianto,person,jabodetabek,antonybudianto,antonybudianto,1
@officialusu_,nonperson,sumatera,officialusu_,officialusu_,8
@RDL_Bali,nonperson,bali dan nusa tenggara,RDL_Bali,RDL_Bali,0
@Bappeda_Jateng,nonperson,jawa tengah dan yogyakarta,Bappeda_Jateng,Bappeda_Jateng,3
@imanimandaaa,person,jawa tengah dan yogyakarta,imanimandaaa,imanimandaaa,3
@KK_MalukuUtara,nonperson,maluku dan papua,KK_MalukuUtara,KK_MalukuUtara,6
@humaspoldajbr,nonperson,jawa barat dan banten,humaspoldajbr,humaspoldajbr,2
@supritongg,person,jawa tengah dan yogyakarta,supritongg,supritongg,3
@medantalk,nonperson,sumatera,medantalk,medantalk,8
@crushnyactc,person,jawa tengah dan yogyakarta,crushnyactc,crushnyactc,3
@dishub_jabar,nonperson,jawa barat dan banten,dishub_jabar,dishub_jabar,2
@adhitiasofyan,person,jawa barat dan banten,adhitiasofyan,adhitiasofyan,2
@justiceforpapua,nonperson,maluku dan papua,justiceforpapua,justiceforpapua,6
@mohnasihunair,person,jawa timur,mohnasihunair,mohnasihunair,4
@tribunpontianak,nonperson,kalimantan,tribunpontianak,tribunpontianak,5
@levazya,person,jawa timur,levazya,levazya,4
@DuniaKuli,nonperson,jawa tengah dan yogyakarta,DuniaKuli,DuniaKuli,3
@kominfocianjur,nonperson,jawa barat dan banten,kominfocianjur,kominfocianjur,2
@Hmc_Manado,nonperson,sulawesi,Hmc_Manado,Hmc_Manado,7
@gebiramadhan,person,jawa barat dan banten,gebiramadhan,gebiramadhan,2
@provjateng,nonperson,jawa tengah dan yogyakarta,provjateng,provjateng,3
@RTMCJatim,nonperson,jawa timur,RTMCJatim,RTMCJatim,4
@konsultbisnis,nonperson,jabodetabek,konsultbisnis,konsultbisnis,1
@himpaudijabar,nonperson,jawa barat dan banten,himpaudijabar,himpaudijabar,2
@ogiie_yogie,person,kalimantan,ogiie_yogie,ogiie_yogie,5
@VikborOfficial,nonperson,kalimantan,VikborOfficial,VikborOfficial,5
@TajYasinMZ,person,jawa tengah dan yogyakarta,TajYasinMZ,TajYasinMZ,3
@safari_prigen,nonperson,jawa timur,safari_prigen,safari_prigen,4
@ronyfachry_PSI,person,kalimantan,ronyfachry_PSI,ronyfachry_PSI,5
@plnsumut_,nonperson,sumatera,plnsumut_,plnsumut_,8
@anjar_wilujeng,person,jawa tengah dan yogyakarta,anjar_wilujeng,anjar_wilujeng,3
@txtdrmks,person,sulawesi,txtdrmks,txtdrmks,7
@humasprovjatim,nonperson,jawa timur,humasprovjatim,humasprovjatim,4
@Edi_Kamtono,person,kalimantan,Edi_Kamtono,Edi_Kamtono,5
@Arnaz_Asa,person,jawa timur,Arnaz_Asa,Arnaz_Asa,4
@adetysuperemak,person,kalimantan,adetysuperemak,adetysuperemak,5
@SuaraPapua,nonperson,maluku dan papua,SuaraPapua,SuaraPapua,6
@wildwestraven,person,jabodetabek,wildwestraven,wildwestraven,1
@SuaraTanpaRokok,nonperson,jabodetabek,SuaraTanpaRokok,SuaraTanpaRokok,1
@StandUpPTK,nonperson,kalimantan,StandUpPTK,StandUpPTK,5
@FROOOSSTT,person,kalimantan,FROOOSSTT,FROOOSSTT,5
@fauziachang,person,jabodetabek,fauziachang,fauziachang,1
@Pro2Jak,nonperson,jabodetabek,Pro2Jak,Pro2Jak,1
@dharmawankenny,person,jabodetabek,dharmawankenny,dharmawankenny,1
@KABUPATENFAKFAK,nonperson,maluku dan papua,KABUPATENFAKFAK,KABUPATENFAKFAK,6
@persib,nonperson,jawa barat dan banten,persib,persib,2
@ecogreenpark,nonperson,jawa timur,ecogreenpark,ecogreenpark,4
@favehotellosari,nonperson,sulawesi,favehotellosari,favehotellosari,7
@lpmpjateng,nonperson,jawa tengah dan yogyakarta,lpmpjateng,lpmpjateng,3
@MiFans_Djogja,nonperson,jawa tengah dan yogyakarta,MiFans_Djogja,MiFans_Djogja,3
@MCSCI_WOJ,nonperson,jawa barat dan banten,MCSCI_WOJ,MCSCI_WOJ,2
@mtf_jatim,nonperson,jawa timur,mtf_jatim,mtf_jatim,4
@Syahrul_YL,person,sulawesi,Syahrul_YL,Syahrul_YL,7
@infoPLK,nonperson,kalimantan,infoPLK,infoPLK,5
@alfrizki_widika,person,sumatera,alfrizki_widika,alfrizki_widika,8
@its_campus,nonperson,jawa timur,its_campus,its_campus,4
@infolebakbanten,nonperson,jawa barat dan banten,infolebakbanten,infolebakbanten,2
@nikkujin,person,sulawesi,nikkujin,nikkujin,7
@dikbudtangsel,nonperson,jawa barat dan banten,dikbudtangsel,dikbudtangsel,2
@QuestHotelKuta,nonperson,bali dan nusa tenggara,QuestHotelKuta,QuestHotelKuta,0
@zubair_buhang,person,sulawesi,zubair_buhang,zubair_buhang,7
@NTT_Update,nonperson,bali dan nusa tenggara,NTT_Update,NTT_Update,0
@Humaspolreskota,nonperson,sulawesi,Humaspolreskota,Humaspolreskota,7
@gustumurtika,person,bali dan nusa tenggara,gustumurtika,gustumurtika,0
@jawatimurpark,nonperson,jawa timur,jawatimurpark,jawatimurpark,4
@diptabaswara,person,jawa timur,diptabaswara,diptabaswara,4
@bmsukoco,person,jawa timur,bmsukoco,bmsukoco,4
@Papua_WatchDogs,nonperson,maluku dan papua,Papua_WatchDogs,Papua_WatchDogs,6
@wiraasatya,person,bali dan nusa tenggara,wiraasatya,wiraasatya,0
@metrotvjateng,nonperson,jawa tengah dan yogyakarta,metrotvjateng,metrotvjateng,3
@danieldokter,person,sumatera,danieldokter,danieldokter,8
@DataScienceIndo,nonperson,jabodetabek,DataScienceIndo,DataScienceIndo,1
@JogjaUpdate,nonperson,jawa tengah dan yogyakarta,JogjaUpdate,JogjaUpdate,3
@foreveryo0ne,person,jawa timur,foreveryo0ne,foreveryo0ne,4
@KupangNet,person,bali dan nusa tenggara,KupangNet,KupangNet,0
@klik_uad,nonperson,jawa tengah dan yogyakarta,klik_uad,klik_uad,3
@AA_DeCe,person,jabodetabek,AA_DeCe,AA_DeCe,1
@Bisnis_Kreatif,nonperson,jawa timur,Bisnis_Kreatif,Bisnis_Kreatif,4
@sadtanick,person,sumatera,sadtanick,sadtanick,8
@ndvwq,person,bali dan nusa tenggara,ndvwq,ndvwq,0
@frdhaamalia,person,jawa timur,frdhaamalia,frdhaamalia,4
@MercureSurabaya,nonperson,jawa timur,MercureSurabaya,MercureSurabaya,4
@dododid_,person,maluku dan papua,dododid_,dododid_,6
@BlogTolkien,person,kalimantan,BlogTolkien,BlogTolkien,5
@giriprasta_bdg1,person,bali dan nusa tenggara,giriprasta_bdg1,giriprasta_bdg1,0
@BTS_Medan,nonperson,sumatera,BTS_Medan,BTS_Medan,8
@anshory72,person,jawa barat dan banten,anshory72,anshory72,2
@AlfiRizkyR,person,jawa timur,AlfiRizkyR,AlfiRizkyR,4
@donatkotak,person,bali dan nusa tenggara,donatkotak,donatkotak,0
@aldaniarmdhn_,person,jawa timur,aldaniarmdhn_,aldaniarmdhn_,4
@antaramakassar,nonperson,sulawesi,antaramakassar,antaramakassar,7
@jaan_indonesia,nonperson,jabodetabek,jaan_indonesia,jaan_indonesia,1
@JCIndonesia,nonperson,jabodetabek,JCIndonesia,JCIndonesia,1
@hi_sulsel,nonperson,sulawesi,hi_sulsel,hi_sulsel,7
@achmad_khumaini,person,jawa timur,achmad_khumaini,achmad_khumaini,4
@gen987fm,person,jabodetabek,gen987fm,gen987fm,1
@heri_tere,person,bali dan nusa tenggara,heri_tere,heri_tere,0
@BBhsAceh,nonperson,sumatera,BBhsAceh,BBhsAceh,8
@ai_king128,person,maluku dan papua,ai_king128,ai_king128,6
@AFikardaa,person,sumatera,AFikardaa,AFikardaa,8
@KonJenBali,person,bali dan nusa tenggara,KonJenBali,KonJenBali,0
@siti_odedMD,person,jawa barat dan banten,siti_odedMD,siti_odedMD,2
@je4lousie,person,kalimantan,je4lousie,je4lousie,5
@adn_afandi,person,maluku dan papua,adn_afandi,adn_afandi,6
@Albert_Bangun,person,sumatera,Albert_Bangun,Albert_Bangun,8
@rdpatera,person,bali dan nusa tenggara,rdpatera,rdpatera,0
@tvrisumsel,nonperson,sumatera,tvrisumsel,tvrisumsel,8
@nilamsaridee,person,jawa tengah dan yogyakarta,nilamsaridee,nilamsaridee,3
@Puslit_Arkenas,nonperson,jabodetabek,Puslit_Arkenas,Puslit_Arkenas,1
@a_mantek,person,maluku dan papua,a_mantek,a_mantek,6
@octapiatri_,person,jawa timur,octapiatri_,octapiatri_,4
@IDIJawaTengah,nonperson,jawa tengah dan yogyakarta,IDIJawaTengah,IDIJawaTengah,3
@pemkabpasuruan_,nonperson,jawa timur,pemkabpasuruan_,pemkabpasuruan_,4
@infoMKSR,nonperson,sulawesi,infoMKSR,infoMKSR,7
@IM3OoredooSMTRA,nonperson,sumatera,IM3OoredooSMTRA,IM3OoredooSMTRA,8
@SemarangID,nonperson,jawa tengah dan yogyakarta,SemarangID,SemarangID,3
@AltezzaAndhika,person,sumatera,AltezzaAndhika,AltezzaAndhika,8
@_leharoy,person,maluku dan papua,_leharoy,_leharoy,6
@armandmaulana,person,jawa barat dan banten,armandmaulana,armandmaulana,2
@androgeniuss,person,jawa barat dan banten,androgeniuss,androgeniuss,2
@univ_syiahkuala,nonperson,sumatera,univ_syiahkuala,univ_syiahkuala,8
@kominfo_jtg,nonperson,jawa tengah dan yogyakarta,kominfo_jtg,kominfo_jtg,3
@andabron,person,sumatera,andabron,andabron,8
@nugraha23__,person,sumatera,nugraha23__,nugraha23__,8
@GolkarSulsel,nonperson,sulawesi,GolkarSulsel,GolkarSulsel,7
@ubudfoodfest,nonperson,bali dan nusa tenggara,ubudfoodfest,ubudfoodfest,0
@aimanricky,person,jawa barat dan banten,aimanricky,aimanricky,2
@asadepan,nonperson,jawa barat dan banten,asadepan,asadepan,2
@djrisbang,nonperson,jabodetabek,djrisbang,djrisbang,1
@infoPekanbaru,nonperson,sumatera,infoPekanbaru,infoPekanbaru,8
@orizanoor,person,kalimantan,orizanoor,orizanoor,5
@carisahmad,person,jawa timur,carisahmad,carisahmad,4
@UnandOfficial,nonperson,sumatera,UnandOfficial,UnandOfficial,8
@bmkgpadangpjg,nonperson,sumatera,bmkgpadangpjg,bmkgpadangpjg,8
@RadioKesehatan,nonperson,jabodetabek,RadioKesehatan,RadioKesehatan,1
@kanwilbpnsultra,nonperson,sulawesi,kanwilbpnsultra,kanwilbpnsultra,7
@NetizenManado,nonperson,sulawesi,NetizenManado,NetizenManado,7
@agungdst,person,sumatera,agungdst,agungdst,8
@antungriduan,person,kalimantan,antungriduan,antungriduan,5
@arfisulthani,person,sumatera,arfisulthani,arfisulthani,8
@albenft,person,sumatera,albenft,albenft,8
@RRIMalang,nonperson,jawa timur,RRIMalang,RRIMalang,4
@SamatorSurabaya,nonperson,jawa timur,SamatorSurabaya,SamatorSurabaya,4
@ariefrachman_h,person,kalimantan,ariefrachman_h,ariefrachman_h,5
@akuusukabobaa_,person,sulawesi,akuusukabobaa_,akuusukabobaa_,7
@arkham1818,person,jawa tengah dan yogyakarta,arkham1818,arkham1818,3
@BTS_Palembang,nonperson,sumatera,BTS_Palembang,BTS_Palembang,8
@PSCS_Cilacap,nonperson,jawa tengah dan yogyakarta,PSCS_Cilacap,PSCS_Cilacap,3
@dkd_jawabarat,nonperson,jawa barat dan banten,dkd_jawabarat,dkd_jawabarat,2
@pabika_leka45,person,maluku dan papua,pabika_leka45,pabika_leka45,6
@truthaboutluth,person,jabodetabek,truthaboutluth,truthaboutluth,1
@ananta_aj,person,kalimantan,ananta_aj,ananta_aj,5
@BPBDJabar,nonperson,jawa barat dan banten,BPBDJabar,BPBDJabar,2
@mangku_pastika,person,bali dan nusa tenggara,mangku_pastika,mangku_pastika,0
@themaczmancom,nonperson,sulawesi,themaczmancom,themaczmancom,7
@bnnpkaltara,nonperson,kalimantan,bnnpkaltara,bnnpkaltara,5
@Vaksinboy,person,jawa timur,Vaksinboy,Vaksinboy,4
@Monicaiphing,person,jawa timur,Monicaiphing,Monicaiphing,4
@kabarsumbar_,nonperson,sumatera,kabarsumbar_,kabarsumbar_,8
@kevin_adhika,person,jabodetabek,kevin_adhika,kevin_adhika,1
@TeaterMelati,nonperson,kalimantan,TeaterMelati,TeaterMelati,5
@anyta_browniezt,person,bali dan nusa tenggara,anyta_browniezt,anyta_browniezt,0
@Riset_Denpasar,nonperson,bali dan nusa tenggara,Riset_Denpasar,Riset_Denpasar,0
@RamadaSunset,nonperson,bali dan nusa tenggara,RamadaSunset,RamadaSunset,0
@SumatraCTP,nonperson,sumatera,SumatraCTP,SumatraCTP,8
@yas_liufeto,person,bali dan nusa tenggara,yas_liufeto,yas_liufeto,0
@BeritaMaluku,nonperson,maluku dan papua,BeritaMaluku,BeritaMaluku,6
@kemalpalevi,person,jabodetabek,kemalpalevi,kemalpalevi,1
@105kissfmmedan,nonperson,sumatera,105kissfmmedan,105kissfmmedan,8
@wirausahaKalsel,nonperson,kalimantan,wirausahaKalsel,wirausahaKalsel,5
@KeperawatanUI,nonperson,jabodetabek,KeperawatanUI,KeperawatanUI,1
@agungajiperdna,person,sumatera,agungajiperdna,agungajiperdna,8
@teaterdipoundip,nonperson,jawa tengah dan yogyakarta,teaterdipoundip,teaterdipoundip,3
@HumasUnp,nonperson,sumatera,HumasUnp,HumasUnp,8
@eurosian2k,person,bali dan nusa tenggara,eurosian2k,eurosian2k,0
@juneeykaa,person,jawa timur,juneeykaa,juneeykaa,4
@Blogger_Cirebon,nonperson,jawa barat dan banten,Blogger_Cirebon,Blogger_Cirebon,2
@komiklieur,person,jawa barat dan banten,komiklieur,komiklieur,2
@_AtalarikSyach,person,jabodetabek,_AtalarikSyach,_AtalarikSyach,1
@indra_sjafri,person,jawa tengah dan yogyakarta,indra_sjafri,indra_sjafri,3
@kompastv_jabar,nonperson,jawa barat dan banten,kompastv_jabar,kompastv_jabar,2
@faizsadad_,person,jawa barat dan banten,faizsadad_,faizsadad_,2
@JWMarriottSby,nonperson,jawa timur,JWMarriottSby,JWMarriottSby,4
@MaduraUnitedFC,nonperson,jawa timur,MaduraUnitedFC,MaduraUnitedFC,4
@Agus_787,person,jawa timur,Agus_787,Agus_787,4
@Mandiri_OLT,nonperson,jabodetabek,Mandiri_OLT,Mandiri_OLT,1
@OVJ_kitelagi,nonperson,jabodetabek,OVJ_kitelagi,OVJ_kitelagi,1
@kominfopapua,nonperson,maluku dan papua,kominfopapua,kominfopapua,6
@kanwilsulteng,nonperson,sulawesi,kanwilsulteng,kanwilsulteng,7
@asadullahghozi,person,jabodetabek,asadullahghozi,asadullahghozi,1
@HekaLeka,nonperson,maluku dan papua,HekaLeka,HekaLeka,6
@BaliSafari,nonperson,bali dan nusa tenggara,BaliSafari,BaliSafari,0
@bbkalteng,nonperson,kalimantan,bbkalteng,bbkalteng,5
@zarryhendrik,person,jabodetabek,zarryhendrik,zarryhendrik,1
@Malukunews,nonperson,maluku dan papua,Malukunews,Malukunews,6
@Dodit_Mulyanto,person,jawa timur,Dodit_Mulyanto,Dodit_Mulyanto,4
@explorejabar,nonperson,jawa barat dan banten,explorejabar,explorejabar,2
@tvrijateng,nonperson,jawa tengah dan yogyakarta,tvrijateng,tvrijateng,3
@UntagSurabaya,nonperson,jawa timur,UntagSurabaya,UntagSurabaya,4
@Arie_Kriting,person,sulawesi,Arie_Kriting,Arie_Kriting,7
@aryasinga19,person,bali dan nusa tenggara,aryasinga19,aryasinga19,0
@ARVC_Cirebon,nonperson,jawa barat dan banten,ARVC_Cirebon,ARVC_Cirebon,2
@AremaJayapura,nonperson,maluku dan papua,AremaJayapura,AremaJayapura,6
@Adhiewns,person,jawa barat dan banten,Adhiewns,Adhiewns,2
@PemdaKotaCrb,nonperson,jawa barat dan banten,PemdaKotaCrb,PemdaKotaCrb,2
@kpukotablitar,nonperson,jawa timur,kpukotablitar,kpukotablitar,4
@Padakek,person,sumatera,Padakek,Padakek,8
@iccialbarn,person,jabodetabek,iccialbarn,iccialbarn,1
@TuneHotelsID,nonperson,jawa tengah dan yogyakarta,TuneHotelsID,TuneHotelsID,3
@BenyMagal,person,maluku dan papua,BenyMagal,BenyMagal,6
@Univ_Bengkulu,nonperson,sumatera,Univ_Bengkulu,Univ_Bengkulu,8
@nelsonalom90,person,maluku dan papua,nelsonalom90,nelsonalom90,6
@Sutiaj1,person,jawa timur,Sutiaj1,Sutiaj1,4
@PapuaTourism,nonperson,maluku dan papua,PapuaTourism,PapuaTourism,6
@almaaduuriy,person,jawa timur,almaaduuriy,almaaduuriy,4
@BALINALE,nonperson,bali dan nusa tenggara,BALINALE,BALINALE,0
@arbimuhammadnur,person,maluku dan papua,arbimuhammadnur,arbimuhammadnur,6
@mynameismals_,person,sulawesi,mynameismals_,mynameismals_,7
@PersatuFC,nonperson,jawa timur,PersatuFC,PersatuFC,4
@HimagipaUpgris,nonperson,jawa tengah dan yogyakarta,HimagipaUpgris,HimagipaUpgris,3
@BorneoSMR,nonperson,kalimantan,BorneoSMR,BorneoSMR,5
@pegipegi,nonperson,jabodetabek,pegipegi,pegipegi,1
@nttlpmp,nonperson,bali dan nusa tenggara,nttlpmp,nttlpmp,0
@drpriono1,person,jabodetabek,drpriono1,drpriono1,1
@aldii_fahreza,person,kalimantan,aldii_fahreza,aldii_fahreza,5
@LukasEnembe,person,maluku dan papua,LukasEnembe,LukasEnembe,6
@gembongITB,person,jawa barat dan banten,gembongITB,gembongITB,2
@arminsunardi,person,bali dan nusa tenggara,arminsunardi,arminsunardi,0
@kpu_malut,nonperson,maluku dan papua,kpu_malut,kpu_malut,6
@kpuprov_sumut,nonperson,sumatera,kpuprov_sumut,kpuprov_sumut,8
@BstarzmedanOFC,nonperson,sumatera,BstarzmedanOFC,BstarzmedanOFC,8
@therealDiSastr,person,jabodetabek,therealDiSastr,therealDiSastr,1
@imedmundodiaz,person,jawa timur,imedmundodiaz,imedmundodiaz,4
@why_ngsh,person,jawa tengah dan yogyakarta,why_ngsh,why_ngsh,3
@bpbd_malangkota,nonperson,jawa timur,bpbd_malangkota,bpbd_malangkota,4
@KomikGaJelas,nonperson,jabodetabek,KomikGaJelas,KomikGaJelas,1
@widhaRP,person,jawa barat dan banten,widhaRP,widhaRP,2
@SheratonKuta,nonperson,bali dan nusa tenggara,SheratonKuta,SheratonKuta,0
@BaleBengong,nonperson,bali dan nusa tenggara,BaleBengong,BaleBengong,0
@KomodoBajo,nonperson,bali dan nusa tenggara,KomodoBajo,KomodoBajo,0
@persirajaupdate,nonperson,sumatera,persirajaupdate,persirajaupdate,8
@SmashSULTRA,nonperson,sulawesi,SmashSULTRA,SmashSULTRA,7
@SumateraInfo,nonperson,sumatera,SumateraInfo,SumateraInfo,8
@IAImudajatim,nonperson,jawa timur,IAImudajatim,IAImudajatim,4
@AndiRachman1960,person,sumatera,AndiRachman1960,AndiRachman1960,8
@UM_1954,nonperson,jawa timur,UM_1954,UM_1954,4
@ajibramantio6,person,jawa barat dan banten,ajibramantio6,ajibramantio6,2
@aagym,person,jawa barat dan banten,aagym,aagym,2
@kobak_y,person,maluku dan papua,kobak_y,kobak_y,6
@Coconuts_Bali,nonperson,bali dan nusa tenggara,Coconuts_Bali,Coconuts_Bali,0
@isbibandung,nonperson,jawa barat dan banten,isbibandung,isbibandung,2
@papuan_voices,nonperson,maluku dan papua,papuan_voices,papuan_voices,6
@ardhiantods,person,jawa tengah dan yogyakarta,ardhiantods,ardhiantods,3
@goliathtabuni,person,maluku dan papua,goliathtabuni,goliathtabuni,6
@SB_SUMSEL,nonperson,sumatera,SB_SUMSEL,SB_SUMSEL,8
@Area_NTT,nonperson,bali dan nusa tenggara,Area_NTT,Area_NTT,0
@werrymilleniaa,person,jawa tengah dan yogyakarta,werrymilleniaa,werrymilleniaa,3
@undip,nonperson,jawa tengah dan yogyakarta,undip,undip,3
@ratmanard,person,jabodetabek,ratmanard,ratmanard,1
@KanwilBPNGTLO,nonperson,sulawesi,KanwilBPNGTLO,KanwilBPNGTLO,7
@DP_dannypomanto,person,sulawesi,DP_dannypomanto,DP_dannypomanto,7
@PMISUMSEL,nonperson,sumatera,PMISUMSEL,PMISUMSEL,8
@Lippomallkuta,nonperson,bali dan nusa tenggara,Lippomallkuta,Lippomallkuta,0
@TifosiFutsalJGJ,nonperson,jawa tengah dan yogyakarta,TifosiFutsalJGJ,TifosiFutsalJGJ,3
@eka_sugandi,person,jabodetabek,eka_sugandi,eka_sugandi,1
@unyofficial,nonperson,jawa tengah dan yogyakarta,unyofficial,unyofficial,3
@MalukuHumRights,nonperson,maluku dan papua,MalukuHumRights,MalukuHumRights,6
@NStevani,person,sulawesi,NStevani,NStevani,7
@HendriSayuti,person,kalimantan,HendriSayuti,HendriSayuti,5
@AryadiDismiss,person,bali dan nusa tenggara,AryadiDismiss,AryadiDismiss,0
@fshddq,person,jawa barat dan banten,fshddq,fshddq,2
@kantahkabkapuas,nonperson,kalimantan,kantahkabkapuas,kantahkabkapuas,5
@bigmall_smd,nonperson,kalimantan,bigmall_smd,bigmall_smd,5
@pidibaiq,person,jawa barat dan banten,pidibaiq,pidibaiq,2
@ManojPunjabiMD,person,jabodetabek,ManojPunjabiMD,ManojPunjabiMD,1
@AkberJKT,nonperson,jabodetabek,AkberJKT,AkberJKT,1
@dapursolia,person,jawa timur,dapursolia,dapursolia,4
@FirstMediaWorld,nonperson,jabodetabek,FirstMediaWorld,FirstMediaWorld,1
@txtdrprogramer,nonperson,jabodetabek,txtdrprogramer,txtdrprogramer,1
@estranged2009,person,sumatera,estranged2009,estranged2009,8
@Vasudonesta1976,nonperson,jawa timur,Vasudonesta1976,Vasudonesta1976,4
@DaengNug,person,sulawesi,DaengNug,DaengNug,7
@LMT_New2021,person,bali dan nusa tenggara,LMT_New2021,LMT_New2021,0
@FokusNTT,nonperson,bali dan nusa tenggara,FokusNTT,FokusNTT,0
@GamelanKonslet,nonperson,jawa tengah dan yogyakarta,GamelanKonslet,GamelanKonslet,3
@sabdaps,person,jabodetabek,sabdaps,sabdaps,1
@polsek_regol,nonperson,jawa barat dan banten,polsek_regol,polsek_regol,2
@rsugm,nonperson,jawa tengah dan yogyakarta,rsugm,rsugm,3
@arsul_sani,person,jawa tengah dan yogyakarta,arsul_sani,arsul_sani,3
@KconkBandung313,nonperson,jawa barat dan banten,KconkBandung313,KconkBandung313,2
@hmjmesinpolsri,nonperson,sumatera,hmjmesinpolsri,hmjmesinpolsri,8
@dlhprovkaltim,nonperson,kalimantan,dlhprovkaltim,dlhprovkaltim,5
@aline_adita,person,bali dan nusa tenggara,aline_adita,aline_adita,0
@pksjabar,nonperson,jawa barat dan banten,pksjabar,pksjabar,2
@jeratpapua,nonperson,maluku dan papua,jeratpapua,jeratpapua,6
@PemkotSemarang,nonperson,jawa tengah dan yogyakarta,PemkotSemarang,PemkotSemarang,3
@007_kamal,person,jabodetabek,007_kamal,007_kamal,1
@Andrianinsr,person,sumatera,Andrianinsr,Andrianinsr,8
@RajaAmpatBiz,nonperson,maluku dan papua,RajaAmpatBiz,RajaAmpatBiz,6
@IsmiAmran,person,sumatera,IsmiAmran,IsmiAmran,8
@HumasUntirta,nonperson,jawa barat dan banten,HumasUntirta,HumasUntirta,2
@femfitr_,person,jawa timur,femfitr_,femfitr_,4
@Onyekcuuu,person,jawa tengah dan yogyakarta,Onyekcuuu,Onyekcuuu,3
@Viking_Papua,nonperson,maluku dan papua,Viking_Papua,Viking_Papua,6
@AgiefM,person,sumatera,AgiefM,AgiefM,8
@dr_ardi,person,jawa tengah dan yogyakarta,dr_ardi,dr_ardi,3
@ovali1956,person,jawa tengah dan yogyakarta,ovali1956,ovali1956,3
@bpsprovkalsel,nonperson,kalimantan,bpsprovkalsel,bpsprovkalsel,5
@flutter_jkt,nonperson,jabodetabek,flutter_jkt,flutter_jkt,1
@uroldsport,person,kalimantan,uroldsport,uroldsport,5
@StandUpSOLO,nonperson,jawa tengah dan yogyakarta,StandUpSOLO,StandUpSOLO,3
@stregisbali,nonperson,bali dan nusa tenggara,stregisbali,stregisbali,0
@AgM_apriliyanti,person,sulawesi,AgM_apriliyanti,AgM_apriliyanti,7
@BaliRaniKuta,nonperson,bali dan nusa tenggara,BaliRaniKuta,BaliRaniKuta,0
@notcleanacc,person,jawa tengah dan yogyakarta,notcleanacc,notcleanacc,3
@ragunanzoo,nonperson,jabodetabek,ragunanzoo,ragunanzoo,1
@bpkpsumsel1,nonperson,sumatera,bpkpsumsel1,bpkpsumsel1,8
@Abang_Cetan,person,kalimantan,Abang_Cetan,Abang_Cetan,5
@PHOENIX91FM,nonperson,bali dan nusa tenggara,PHOENIX91FM,PHOENIX91FM,0
@kanwilbpnjabar,nonperson,jawa barat dan banten,kanwilbpnjabar,kanwilbpnjabar,2
@puslitkoka_id,nonperson,jabodetabek,puslitkoka_id,puslitkoka_id,1
@KompasTV,nonperson,jabodetabek,KompasTV,KompasTV,1
@TSM_Makassar,nonperson,sulawesi,TSM_Makassar,TSM_Makassar,7
@persebayaupdate,nonperson,jawa timur,persebayaupdate,persebayaupdate,4
@Papuan_Insight,nonperson,maluku dan papua,Papuan_Insight,Papuan_Insight,6
@MMJJ21,nonperson,jabodetabek,MMJJ21,MMJJ21,1
@EdenKutaBali,nonperson,bali dan nusa tenggara,EdenKutaBali,EdenKutaBali,0
@rahimzha,person,kalimantan,rahimzha,rahimzha,5
@InfoPariaman,nonperson,sumatera,InfoPariaman,InfoPariaman,8
@ernestprakasa,person,jabodetabek,ernestprakasa,ernestprakasa,1
@WempiWetipo,person,maluku dan papua,WempiWetipo,WempiWetipo,6
@blfc_id,nonperson,sumatera,blfc_id,blfc_id,8
@kumhamkalsel,nonperson,kalimantan,kumhamkalsel,kumhamkalsel,5
@fpub_official,nonperson,jawa timur,fpub_official,fpub_official,4
@aaurellee,person,jawa tengah dan yogyakarta,aaurellee,aaurellee,3
@_gibran11,person,jawa tengah dan yogyakarta,_gibran11,_gibran11,3
@limatigaaaa,person,jawa tengah dan yogyakarta,limatigaaaa,limatigaaaa,3
@arukkun,person,sumatera,arukkun,arukkun,8
@pmi_diy,nonperson,jawa tengah dan yogyakarta,pmi_diy,pmi_diy,3
@MIsezGorontalo,nonperson,sulawesi,MIsezGorontalo,MIsezGorontalo,7
@themuliabali,nonperson,bali dan nusa tenggara,themuliabali,themuliabali,0
@dinsos_jatim,nonperson,jawa timur,dinsos_jatim,dinsos_jatim,4
@hengpaenpaen,person,jawa timur,hengpaenpaen,hengpaenpaen,4
@AgathaChelsea18,person,jawa barat dan banten,AgathaChelsea18,AgathaChelsea18,2
@isyuniarto,person,jawa timur,isyuniarto,isyuniarto,4
@beacukaigto,nonperson,sulawesi,beacukaigto,beacukaigto,7
@habibmahdiyahya,person,kalimantan,habibmahdiyahya,habibmahdiyahya,5
@dahSyatMusik,nonperson,jabodetabek,dahSyatMusik,dahSyatMusik,1
@abidfzn,person,jawa barat dan banten,abidfzn,abidfzn,2
@dotsemarang,nonperson,jawa tengah dan yogyakarta,dotsemarang,dotsemarang,3
@imuni_id,nonperson,jabodetabek,imuni_id,imuni_id,1
@ZENRoomsID,nonperson,jabodetabek,ZENRoomsID,ZENRoomsID,1
@AMS_pusat,nonperson,jawa barat dan banten,AMS_pusat,AMS_pusat,2
@BpsSemarang,nonperson,jawa tengah dan yogyakarta,BpsSemarang,BpsSemarang,3
@Chris_ambarita,person,kalimantan,Chris_ambarita,Chris_ambarita,5
@JogjaCTour,nonperson,jawa tengah dan yogyakarta,JogjaCTour,JogjaCTour,3
@GusIpul_ID,person,jawa timur,GusIpul_ID,GusIpul_ID,4
@azhary88853559,person,sulawesi,azhary88853559,azhary88853559,7
@krisnawan45,person,bali dan nusa tenggara,krisnawan45,krisnawan45,0
@YusdinRukka,person,sulawesi,YusdinRukka,YusdinRukka,7
@_sucilestari,person,jabodetabek,_sucilestari,_sucilestari,1
@ariabima99,person,jawa tengah dan yogyakarta,ariabima99,ariabima99,3
@nurfrina,person,kalimantan,nurfrina,nurfrina,5
@agekurniawan9,person,sumatera,agekurniawan9,agekurniawan9,8
@yoggggggggggg,person,jawa tengah dan yogyakarta,yoggggggggggg,yoggggggggggg,3
@ocsyaadecp,person,kalimantan,ocsyaadecp,ocsyaadecp,5
@RadioPLS_mks,nonperson,sulawesi,RadioPLS_mks,RadioPLS_mks,7
@Brantak29721302,person,maluku dan papua,Brantak29721302,Brantak29721302,6
@UINSK,nonperson,jawa tengah dan yogyakarta,UINSK,UINSK,3
@JeckyWelikin,person,maluku dan papua,JeckyWelikin,JeckyWelikin,6
@keliling_ambon,nonperson,maluku dan papua,keliling_ambon,keliling_ambon,6
@aryosantetuko,person,jawa barat dan banten,aryosantetuko,aryosantetuko,2
@Bandung_Dinkes,nonperson,jawa barat dan banten,Bandung_Dinkes,Bandung_Dinkes,2
@ravacanafilms,nonperson,jawa tengah dan yogyakarta,ravacanafilms,ravacanafilms,3
@desakkrystina,person,bali dan nusa tenggara,desakkrystina,desakkrystina,0
@Abriyanto_F,person,bali dan nusa tenggara,Abriyanto_F,Abriyanto_F,0
@alfrzkwidika,person,sumatera,alfrzkwidika,alfrzkwidika,8
@hendrarprihadi,person,jawa tengah dan yogyakarta,hendrarprihadi,hendrarprihadi,3
@aira_yuliana,person,sulawesi,aira_yuliana,aira_yuliana,7
@Unair_Official,nonperson,jawa timur,Unair_Official,Unair_Official,4
@Bisniscom,nonperson,jabodetabek,Bisniscom,Bisniscom,1
@vincentrompies,person,jabodetabek,vincentrompies,vincentrompies,1
@thamzil,person,sulawesi,thamzil,thamzil,7
@Tribun_Manado,nonperson,sulawesi,Tribun_Manado,Tribun_Manado,7
@InfoUnand,nonperson,sumatera,InfoUnand,InfoUnand,8
@rachelvennya23,person,jabodetabek,rachelvennya23,rachelvennya23,1
@IhraTumiwa,person,jawa barat dan banten,IhraTumiwa,IhraTumiwa,2
@nurfmrembang,nonperson,jawa tengah dan yogyakarta,nurfmrembang,nurfmrembang,3
@WidyoLita,person,jawa tengah dan yogyakarta,WidyoLita,WidyoLita,3
@filterblackx,person,kalimantan,filterblackx,filterblackx,5
@Iccha_JG0182,person,sulawesi,Iccha_JG0182,Iccha_JG0182,7
@loker_sumbar,nonperson,sumatera,loker_sumbar,loker_sumbar,8
@agungnugraha17,person,kalimantan,agungnugraha17,agungnugraha17,5
@indonesiana,nonperson,jabodetabek,indonesiana,indonesiana,1
@Poldakaltim,nonperson,kalimantan,Poldakaltim,Poldakaltim,5
@NBA_Indonesia,nonperson,jabodetabek,NBA_Indonesia,NBA_Indonesia,1
@Radhinalindra,person,jawa barat dan banten,Radhinalindra,Radhinalindra,2
@RicoTude,person,jawa tengah dan yogyakarta,RicoTude,RicoTude,3
@PSSleman,nonperson,jawa tengah dan yogyakarta,PSSleman,PSSleman,3
@ardyaaW,person,jawa barat dan banten,ardyaaW,ardyaaW,2
@RomeSyahri,person,jawa tengah dan yogyakarta,RomeSyahri,RomeSyahri,3
@ilsaunhas,nonperson,sulawesi,ilsaunhas,ilsaunhas,7
@GenpiLabuanBajo,nonperson,bali dan nusa tenggara,GenpiLabuanBajo,GenpiLabuanBajo,0
@smashblastJAPUR,nonperson,maluku dan papua,smashblastJAPUR,smashblastJAPUR,6
@Reisa_BA,person,jabodetabek,Reisa_BA,Reisa_BA,1
@bromo_eastjava,nonperson,jawa timur,bromo_eastjava,bromo_eastjava,4
@armandi89,person,sumatera,armandi89,armandi89,8
@RamadianySaskia,person,sulawesi,RamadianySaskia,RamadianySaskia,7
@agunghercules,person,jawa barat dan banten,agunghercules,agunghercules,2
@commaditya,person,bali dan nusa tenggara,commaditya,commaditya,0
@fjrsaif_,person,kalimantan,fjrsaif_,fjrsaif_,5
@m_ikhwanulmus,person,bali dan nusa tenggara,m_ikhwanulmus,m_ikhwanulmus,0
@ukm_official,nonperson,jawa barat dan banten,ukm_official,ukm_official,2
@LPMP_Sulbar,nonperson,sulawesi,LPMP_Sulbar,LPMP_Sulbar,7
@IAmKzaan,person,sulawesi,IAmKzaan,IAmKzaan,7
@klinikjaipong,nonperson,jawa barat dan banten,klinikjaipong,klinikjaipong,2
@aminullah_lubis,person,sumatera,aminullah_lubis,aminullah_lubis,8
@misinnarek17,person,maluku dan papua,misinnarek17,misinnarek17,6
@radioMartapura,nonperson,kalimantan,radioMartapura,radioMartapura,5
@Marsowan,person,bali dan nusa tenggara,Marsowan,Marsowan,0
@wikan_sakarinto,person,jawa tengah dan yogyakarta,wikan_sakarinto,wikan_sakarinto,3
@WegoID,nonperson,jabodetabek,WegoID,WegoID,1
@KaltengPutraKu,nonperson,kalimantan,KaltengPutraKu,KaltengPutraKu,5
@Sulselprov,nonperson,sulawesi,Sulselprov,Sulselprov,7
